Date,AUDJPY=X,AUDUSD=X,EURGBP=X,EURJPY=X,EURUSD=X,GBPUSD=X,NZDJPY=X,NZDUSD=X,USDCAD=X,USDCHF=X,USDJPY=X,USDMXN=X,USDNOK=X,USDSEK=X,USDTRY=X,USDZAR=X,EP_hard_ok,EP_msg
2010-12-23,0.25392484592658254,0.051139322324164425,0.04416258455260111,-0.25629160606020446,-0.14801782913789008,0.03915961333892816,-0.0779098068748363,0.0016804428271070767,0.04241522645091751,-0.17891818663208478,-0.12592138737655673,-0.04339836789804481,0.2916724465350796,-0.2525283294235668,0.08046303394310306,-0.11239697069833274,True,converged in 3 iters
2011-01-21,0.1855113287579569,0.015122516872096332,0.05432238974650457,-0.2402578735772276,-0.11945610817923971,0.07483285815134039,-0.05401058172991565,0.06338562678223997,-0.03682478578825261,-0.14331826152501254,-0.11018857905331685,-0.09031620335715244,0.31452726120318397,-0.30785408512095375,0.12666387080337435,-0.06340766935223249,True,converged in 3 iters
2011-02-21,0.17341878601037242,0.011480274658212424,-0.0609490567900124,-0.2217456102932738,-0.10312907899185979,0.15755832941118314,-0.0045619236283961145,0.05869241656548775,0.023655091810629213,-0.21302291542048515,-0.055941460874019924,-0.062401126307545025,0.32826601781446124,-0.3689051433701496,0.12945295724194,0.026819810811972225,True,converged in 3 iters
2011-03-22,0.24088540233295355,0.0013935759909533356,0.004871546826446215,-0.22896867347589764,-0.03582028594059221,0.17126346201901785,-0.1540903808404321,0.005678685069323911,-0.01565798547172109,-0.15279883914776266,-0.14488376127535635,-0.055891283956082845,0.25447722833725683,-0.36561252317840853,0.15687526018295614,-0.01083110595483857,True,converged in 3 iters
2011-04-20,0.17569811286135575,0.061700345278582265,0.03680024610576169,-0.15630097493756237,0.04306327574492218,0.14238996733232576,-0.0652663626587031,-0.014044771137154785,-0.05441146097485994,-0.19636604161230975,-0.13163825499487397,-0.07599638193336825,0.30046736763623666,-0.21116635360646574,0.23067343103446425,-0.10401665215105356,True,converged in 3 iters
2011-05-19,0.20241135859485354,0.19956115103160493,0.02119868573868633,-0.06969408162725725,0.10739165133964754,0.1348244043447257,-0.08130082548817472,-0.03086875566464814,0.043199887228259404,-0.30224854986556854,-0.03345125555977614,-0.13026617768904217,0.30305757278562584,-0.11777475550470747,0.20654599022651837,0.01620489731090416,True,converged in 3 iters
2011-06-17,0.17092269074976285,0.2666491740935301,0.12775506368887685,-0.022310841940171265,0.1360507080293555,0.0860246278123664,-0.04910780714387205,0.018537119419392525,-0.008155586241175773,-0.2714356741427888,-0.039361700469549385,-0.15524516827180146,0.28202350257178516,-0.006432026706785956,0.30457462156585674,-0.05541368715292914,True,converged in 3 iters
2011-07-18,0.16354133429993944,0.22750029022812876,0.11223294697985407,-0.02625282039593947,0.013570228735528007,0.004663103159252461,-0.02141248104451437,0.08994364881674624,-0.1582305950291145,-0.3322238933930241,-0.004958125011745806,-0.19552541615334423,0.2361502126916198,0.030938500585580026,0.35023428726400846,-0.03262211621166023,True,converged in 3 iters
2011-08-16,0.11337038155651448,0.20370739125635698,0.11380440841219304,-0.0010853498258367982,0.12702674665606853,0.07328958556802366,0.006136306533642575,0.1382347352751408,-0.10872827323727341,-0.2045023050630497,-0.04194101322179174,-0.17304234542637187,0.11181681434099598,0.07722559533349642,0.4326408969065457,0.07344785138669838,True,converged in 3 iters
2011-09-14,0.04283806641524929,0.28999833158833904,0.12074843419765838,-0.07786121423663186,0.09454337027357339,0.03745508282335769,-0.024743184320314,0.2240586197762907,-0.151512967677065,-0.019724065711290522,0.005168490795395845,-0.0040894823521308065,-0.08965058774039854,0.15927719632109713,0.5036646426562962,0.15466626311491133,True,converged in 3 iters
2011-10-13,0.038928287986279585,0.25966256744968624,0.08643553114169793,-0.07261138713828309,0.06217045285299016,0.0748574399234287,0.02512530186081856,0.19717270433379266,-0.061084122295726746,-0.012757497233464392,0.011441252333713209,0.09678883888195136,-0.1882909599860538,0.1462091290522652,0.5506863615833781,0.1157781659464704,True,converged in 3 iters
2011-11-11,0.10093173305126668,0.30319030942879166,0.04122500275920314,-0.1323943259869278,0.05201194038440467,0.039799888025489026,-0.1397480827481624,0.1275439940964892,-0.02647533783281892,-0.01612998723964986,0.042241508454207884,0.09554444001189871,-0.19015913533693038,0.006348836476816846,0.5084291031966539,0.17782637497028872,True,converged in 3 iters
2011-12-12,0.01966149378458977,0.2945319733794609,0.09148694060540695,-0.03955859716801116,0.17315459201377506,0.14710758987105912,-0.06507828777016526,0.1310193300975857,-0.03488569711273466,0.043433015320655514,-0.0553896605892391,0.08274000030688654,-0.08116623631099985,0.1465759916247983,0.35572904283248524,0.23848155121214681,True,converged in 3 iters
2012-01-10,0.14619995313124828,0.3550889021806909,0.07356033592482386,-0.1890389186176353,0.07878325005395853,-0.060259742695288054,-0.10086350899879691,0.14182543968841857,0.08909434330420397,0.03438739140408818,-0.04032775622194298,0.13089199327458367,0.007460843322956747,0.019995325390285087,0.4320730461500733,0.10014924964100536,True,converged in 3 iters
2012-02-08,0.09760862712206513,0.2687065351345351,0.10813469753916827,-0.19413048518562934,0.09893717829134016,-0.050557642749201125,-0.02667474210234384,0.2472604140347509,0.1827906414146857,0.00901623540344951,-0.0676576345072842,0.03619068008497035,-0.06358984145395741,0.21416859834742696,0.3224899702361242,0.012086076393068003,True,converged in 3 iters
2012-03-08,0.07588321433727582,0.2200151856612009,0.0540640327056344,-0.14413502100865008,-0.03058465383027166,-0.07571494072471921,0.0648656167867116,0.22670465909593265,0.22620396792366568,-0.014726298313976443,0.04827758026545522,0.03698208877652181,-0.21343739857550237,0.2560849945493168,0.2734957490394173,0.0388245984057481,True,converged in 3 iters
2012-04-06,0.0177871957094988,0.16939403400936592,-0.01687324415192056,-0.18539015094191955,-0.04045924630695114,-0.048922632736233325,0.05887913210383233,0.33888314565713124,0.19412271686947458,-0.01340098834752698,0.15636619020385972,0.10962925957661308,-0.10122832769524134,0.04669378584795972,0.4118790310418561,0.09009091880061566,True,converged in 3 iters
2012-05-07,-0.08274333518614324,0.04228794983065118,-0.15924895264726663,-0.16572095332984035,-0.06403558337993316,0.09256834965450848,0.041370983747164844,0.26552309233915683,-0.033280143189733935,0.01608457925166939,0.12208467244038392,0.14715193697828885,-0.257928842103819,0.2077873409586649,0.2467253683093603,0.05545791665341493,True,converged in 3 iters
2012-06-05,0.013865025308838772,0.17254148918172557,-0.1413880407353001,-0.2889919873365026,-0.06995330593426995,-0.023563647507418257,-0.05592397307132832,0.20709076728609324,0.03752120355578302,0.08102037784320537,0.10561479702332886,0.23554553885368504,-0.16711960809746346,0.0018839262669215215,0.23184658733518446,0.16612972466295137,True,converged in 3 iters
2012-07-04,0.11350692340824763,0.277907224883436,-0.2113369588399008,-0.21721368911679284,-0.12084603515369773,0.015518953826154619,-0.002209185241681052,0.030412014241790308,0.24143088061210724,0.08717361775816701,0.08293266684333517,0.13485077231660167,-0.02313683681846596,-0.19238845629349158,0.06571519858084696,0.18342058606528344,True,converged in 3 iters
2012-08-02,0.20786177905659328,0.2638121899925931,-0.11871744747697917,-0.16468384091909477,-0.1457331856839755,-0.05517836116304933,-0.008712340801645362,-0.12711088122776545,0.06367837707711374,0.13277855695144333,-0.02643543185339489,0.022193159568563967,0.13044238921134949,-0.25151664295018306,-0.1377022284824829,0.14344318758377278,True,converged in 3 iters
2012-08-31,0.21290853174292032,0.21450803830168244,-0.1921448259956003,-0.09397665012172524,-0.12355670025274867,0.03739879714346083,-0.07376905501719877,-0.1375859626696815,-0.016786545447368937,0.14569745610373794,0.005389115914782609,-0.017489052004110203,0.06386952302121521,-0.35715482690826894,-0.08788134812669772,0.2198835712288006,True,converged in 3 iters
2012-10-01,0.05930607703350782,0.05788662216450221,-0.32182982150206335,-0.16290623449034894,-0.2175831289167008,0.09936669632677862,0.09292790208949438,0.03927053617455923,-0.15670884270311888,-0.13318001896832318,0.055349852463073765,-0.04895395260049132,0.02439493796845348,-0.18569948548460447,-0.1186649012554595,0.22597098985851996,True,converged in 3 iters
2012-10-30,0.03696751670718727,0.002370391433974354,-0.2458032024612299,-0.14237324470389134,-0.24582458184679568,0.017050191917382013,0.23258157778050556,0.13888419205641664,-0.11551862368836019,-0.1682863895698736,0.0697383012729485,-0.06461859819632722,-0.09479194917307038,-0.042860493352536146,-0.07805692494678106,0.3042738208927204,True,converged in 2 iters
2012-11-28,0.10667662408584713,-0.026184137657808904,-0.24188306548768243,-0.12481078669431649,-0.27360557924592765,-0.017882186252309026,0.1425741537179843,0.08026518220903381,0.0002924006610345682,-0.29634089551625775,0.08086913248152096,-0.05914575470539406,-0.10860957546248969,-0.045426481015504956,-0.14498462840725437,0.2504494163996341,True,converged in 3 iters
2012-12-27,0.03036750204337213,-0.1343399097105816,-0.2402524475814104,0.04658042916782044,-0.06135965488116039,0.08002399584270799,0.18869345739885235,0.07373516812316493,-0.005870661617263897,-0.060617097728302094,0.11431413485099877,-0.10542997203399347,-0.22314570957195393,0.012220148069745548,-0.2856664285142385,0.3373832828644337,True,converged in 3 iters
2013-01-25,0.06030763362104152,0.00809253901401896,0.018642009746718275,0.15676367006501649,0.1483961308040201,0.10491900646874952,0.1574931671175783,0.11046306354146546,0.16804550842973914,0.48570691147439804,-0.0003871629536717284,-0.015847716898765782,-0.2060903443042572,0.0013769540032637596,-0.038718764015509194,0.3187494175417868,True,converged in 3 iters
2013-02-25,0.023630171989774545,-0.07515297834425753,-0.008968448175450398,0.08071954847958951,-0.013563775339915853,0.011660125163865158,0.28988251589877434,0.15764073719476324,0.2711900802810035,0.21738370500176893,0.03314584963186748,-0.0417555019163675,0.11711234616761534,-0.26640791891981674,-0.09468175077404542,0.2971045467211247,True,converged in 3 iters
2013-03-26,0.2767677502665295,0.22731336819212766,-0.012478715247472587,0.016089151541767783,-0.13703763340152478,-0.05067371027889967,0.1314026105272307,0.04076838515446726,0.42086276000041917,0.0700425206153997,0.017023227892605172,-0.0811720257238399,0.04534204578708144,-0.14441144822243857,-0.032804312967191364,0.29581033418100494,True,converged in 3 iters
2013-04-24,0.13327172438195414,0.11077988023578648,-0.0072276591268715445,0.011598485343847291,-0.10756792079956781,-0.07593344556479188,0.2089581651273119,0.1610444500217783,0.44438750712094305,-0.02483263545767653,0.018298640318289656,-0.1129976919029559,0.12527648614507464,-0.15230906227372007,0.07212235709758769,0.2333938890818432,True,converged in 3 iters
2013-05-23,0.0685200543617557,-0.0017338809855547814,-0.05843163165379959,0.04912775885149658,-0.07471539901632945,0.020141607371512812,0.25679212738773505,0.15941110317817703,0.1613645976086647,0.18453038917128942,0.08096620918985042,-0.28830385006193493,-0.029825588041286936,-0.23807596906869172,0.08152250300423115,0.24653733104768996,True,converged in 3 iters
2013-06-21,-0.20702017186594673,-0.20559741376554674,-0.03831991476503323,0.2052016344033334,0.028566768648947118,0.08663415036197154,0.16017230704146554,0.20510997308006415,-0.05266554601380882,0.01852052959542779,0.056182926636450976,-0.008048986068930482,0.15357763963344495,-0.18590726010444328,0.19184947654521875,0.1966253014699666,True,converged in 3 iters
2013-07-22,-0.25902628577696746,-0.21707025801851948,0.02359785742845049,0.21038520842610536,0.060564785498056765,-0.030048057827322484,0.18627935601316595,0.2602901371154621,0.08520798182584334,-0.04434881724908102,0.06387046064129248,-0.12053580138093663,0.06583422179902572,-0.048797984003155936,0.2183145086714425,0.10582827832517232,True,converged in 3 iters
2013-08-20,-0.2694214467094731,-0.17552235933940682,0.017939051805344185,0.1873290132271907,0.09121130089719857,0.0567925111234178,0.2273748480869936,0.28314522425437927,0.19091535411805782,-0.044839120411840065,0.028740905410521447,-0.025445902092555053,0.13700020126852008,-0.02463036598968077,0.10361580839402154,0.13607658687139926,True,converged in 3 iters
2013-09-18,-0.1499724102094974,-0.15388979493818877,-0.005655075510743607,0.1387882841850565,0.06697923194766008,0.08270831399527163,0.16027367612456686,0.2665124370724371,0.2402276916975756,-0.09972871131148558,0.1095720660419934,0.028475643081801755,0.08010861939822135,-0.03333268599927983,0.26889803114187727,0.11487732734434355,True,converged in 3 iters
2013-10-17,-0.18349420107588113,-0.09193639306701837,0.0003921522674216483,0.14605318216926808,0.07693065909110273,0.08121362240159498,0.16358965998298586,0.2752842298080863,0.2199768897601465,-0.05356444534880818,0.09645480759054419,-0.009575178587637432,0.18210725530482338,-0.12235893861878083,0.17575453144721173,0.12131385347868864,True,converged in 3 iters
2013-11-15,-0.2096317816469944,-0.09452404621080852,0.005734396334851874,0.16332212795832235,0.13566389674366022,0.13470720125762953,0.1443643650197361,0.27056103562848133,0.19549446432994044,0.020225503775794164,0.06939043424702851,0.008284219778333757,0.19629007864033735,-0.06753610602024725,0.19793152746918058,0.08633881493865349,True,converged in 3 iters
2013-12-16,-0.22331180846164814,-0.118485812804529,-0.006432970309027916,0.14764160449641858,0.10004259460248796,0.12910298805411238,0.1647679137628075,0.26571384949952676,0.21478722014296958,-0.05882915801037256,0.07013323878474506,0.01036278374238755,0.19839429638584843,-0.053947363499120764,0.11565762192373105,0.12238877552026696,True,converged in 3 iters
2014-01-14,-0.18788658649721174,-0.10293767308782234,-0.06160206583721551,0.10258583934223628,0.0804021094814032,0.13278804787432696,0.12805640757312514,0.23463472281800452,0.24289968420359637,-0.043101915596142466,0.0906835374067713,0.048676074581921136,0.1628046969723728,-0.1239205520276862,0.20501985867443953,0.05200022802572453,True,converged in 3 iters
2014-02-12,-0.1928667340794302,-0.07523071112908304,-0.05483247066590373,0.13788550432859387,0.1472266200972473,0.20896487857070717,0.11477611240824472,0.2474552481264165,0.2546339684585295,0.051875717717472146,0.0417360552822122,0.0685299296567359,0.1255782198636235,-0.029120318931230238,0.14561702730051154,0.10367048338405874,True,converged in 3 iters
2014-03-13,-0.22208314339555907,-0.10071649359940732,-0.014207720385369509,0.15303252794138955,0.21055697651193908,0.20281540449710586,0.1446915948084377,0.22987506867193705,0.2632395390651561,0.10533095016127347,0.011548821606914122,0.08089708176680432,0.062653285613039,0.015167369111278027,0.16615663015136392,0.01702739271302608,True,converged in 3 iters
2014-04-11,-0.2015559441798613,-0.051688167005178406,-0.01953484457584027,0.17597242579011385,0.23421339498138646,0.2735644014800876,0.10538230783898689,0.2269166595671747,0.19608448204275464,0.13794949410519103,0.006258550467730014,0.07255923081180364,0.04530941618841174,0.08460713280453062,0.12763701009086603,0.040766538070082584,True,converged in 3 iters
2014-05-12,-0.148231635192943,-0.038065861549904,-0.10076061805600929,0.10293548188063108,0.17441748618478556,0.27211693794492553,0.10634381067157887,0.21970349690248092,0.2507861421767373,-0.11868840698228511,0.0546840200097588,0.06171769955098006,0.0878967272985608,0.11415648168762595,0.12383134674863543,0.02566384716215809,True,converged in 3 iters
2014-06-10,-0.04197857428665975,0.015693924776188202,-0.11045617644759305,-0.02835864044709419,0.07162943704188882,0.20343133026924345,0.13890175106642824,0.20999216959381609,0.3441369316601099,-0.2716894797268029,0.15354790164200116,-0.04738019130464868,0.020042318117114325,0.15617436587708744,0.15561042311045056,-0.03097638463287323,True,converged in 3 iters
2014-07-09,-0.036806289923017654,0.02782206228939133,-0.1835612248835967,0.017396704219345027,0.10641252407590861,0.3110403911383869,0.10908881865580837,0.18086977866531312,0.1353849905263359,-0.2783357617235023,0.07309137422465081,0.06075616198766718,0.06334565704745318,0.23481656314075042,0.1152543482702833,0.06601734922858918,True,converged in 3 iters
2014-08-07,0.056544660779820385,0.08469082574944055,-0.19649251065177115,-0.049166012697778955,-0.026472148862178656,0.1839443560334569,0.06161983304858095,0.08591174579166458,0.28373507281072435,-0.40855393788109545,0.13443287995609457,0.021610500242698776,0.09950749581668397,0.1703718912667925,0.1279720960773205,-0.00897403233389771,True,converged in 3 iters
2014-09-05,0.09521701963344942,0.054642736517325395,-0.1690383284231832,-0.10464987959726278,-0.15696858100545993,0.0370680648774658,0.07778175003874302,0.04843657023624266,0.22530344771980085,-0.505854560339279,0.17613788140835188,0.013876182262399301,0.042694296920391166,0.19883453650790422,0.05267160555278548,0.04082455895995594,True,converged in 3 iters
2014-10-06,0.07776618796464946,-0.044642624854722784,-0.19902300168941378,-0.12327186388228875,-0.2617260007594126,-0.000677019518090121,0.09910628123552118,-0.046338230429542826,0.15169776292066686,-0.49105820132155437,0.18922456372815208,0.08107840074480457,-0.0024560082243098294,0.14657190658551816,0.07623673724172365,0.009125208899629015,True,converged in 3 iters
2014-11-04,0.08717460854830594,-0.0338250496723556,-0.16967725843328657,-0.1346251284918945,-0.2400045181373103,-0.0220298668087941,0.08972259344447692,-0.03351143106163323,0.14413614332730496,-0.50076393132352,0.1894231067187381,0.06681704546110608,0.08792583830486245,0.10717134369520277,0.05311745779313227,-0.040074678778076085,True,converged in 3 iters
2014-12-03,0.08911259787134951,-0.03218398051704639,-0.14101448003071876,-0.1545872128642721,-0.2631211521728227,-0.08514805762938162,0.09956790522753031,0.00454231246429357,0.08347965848460016,-0.4404794583271311,0.19507617090977028,0.13989457192374463,0.07052744207763828,0.09450175574750001,0.06460230767525144,-0.04216093607694919,True,converged in 3 iters
2015-01-01,0.027804613509136048,-0.09445097395474984,-0.14109621919289045,-0.1341759046140869,-0.2293484313806003,-0.04880564838799977,0.0997352370652208,0.040640589382355964,0.011173148818322617,-0.44059213122566826,0.17511229806331438,0.1565418034035892,0.1470598251863782,0.15967080711794795,0.03283141700384261,-0.0609609516938969,True,converged in 3 iters
2015-01-30,0.002005348304394359,-0.0743697795489618,-0.15013324953181842,-0.05111697891490003,-0.07669664552021595,0.11459711177861259,0.07295884257393209,0.05158477636613614,0.19918388554250607,-0.07572743555428207,0.15346286495632053,0.2575546007478246,0.23670321099238,0.23435106562536576,0.03575023575381389,-0.21380396828853565,True,converged in 3 iters
2015-03-02,-0.024844655810754956,-0.06231905551765816,-0.1706131034537788,-0.052787600702852946,-0.06410832373443637,0.10878838686070143,0.11448095717656491,0.07550893654226984,0.1425295261927502,-0.029031519952945742,0.15133097679441,0.2675110115391653,0.15881689818010225,0.2946845745265553,0.07151036261766609,-0.21113411039738797,True,converged in 3 iters
2015-03-31,-0.04634224639018342,-0.11671954057320458,-0.04259166925073014,-0.05210094794060984,-0.05808696978806286,0.01636985314795761,0.1491567232377356,0.12292912540578142,0.11785680230547514,-0.03294551948625725,0.14475851421219246,0.2984202055525912,0.15840464462745665,0.23524822055221634,0.20163554526061617,-0.2064334722689293,True,converged in 3 iters
2015-04-29,-0.05756035450665894,-0.11145692926325379,-0.04492650259657116,-0.0385419012215059,-0.06475598499239925,0.025761665158472915,0.1700043545329546,0.09796529243138948,-0.03227396372728857,-0.0383424326109993,0.16931751469573397,0.26383498090370416,0.13022131711498575,0.2274072314773662,0.29621225508403476,-0.2314173196826815,True,converged in 3 iters
2015-05-28,0.003762593718065265,-0.11154423797901375,-0.07815040371103173,0.007382123584464066,-0.04158043120105602,0.11264528047765551,0.0942239065678899,0.05830179539053731,0.04472880259979935,-0.0730761781635247,0.24292423964858373,0.2553058558494153,0.12009739917045975,0.21042419747341562,0.2843016513830215,-0.2615509030820668,True,converged in 3 iters
2015-06-26,0.04221405113948158,-0.05125779204847942,-0.061087020695999396,0.022365155339669547,-0.020073937887490997,0.11345586195603724,-0.005191326442555199,-0.08337898701703254,0.09920879345629714,-0.09157841398868345,0.29228941807756514,0.29126584734229743,0.12685147037733993,0.08788361514219549,0.2941251451219772,-0.3177731639668983,True,converged in 3 iters
2015-07-27,-0.014120035082007253,-0.10682277089768893,-0.046279318955051524,0.041956782506685525,0.02904993221150517,0.1245224773338092,0.0030443139730196396,-0.015370104213138605,0.126784368806348,-0.08523220343310862,0.2694625579646449,0.3337373403962924,0.12053359593007307,0.15838259083009873,0.25503387602639466,-0.2696677314401338,True,converged in 3 iters
2015-08-25,-0.04032376199954738,-0.09306796901243222,-0.05957973872721941,0.05387584452828709,0.0996988363796188,0.18435178413260467,1.0725617679936087e-05,0.029349328111667853,0.15596629559908906,-0.06439778705227692,0.20910202487518645,0.36434625458809283,0.12081397990781176,0.12934022716571034,0.2732694619501846,-0.12250598035259083,True,converged in 3 iters
2015-09-23,-0.007878658321854796,-0.09515362151804607,-0.03988661685140487,0.0036896791964297665,0.1320178853571822,0.19384738333392135,-0.004086650708740161,-0.0031033307739508583,0.18969642360470387,-0.05894870379644229,0.21548514276101505,0.3491801942221074,0.11622049539080913,0.14324891423316344,0.29535295093135183,-0.1522033489988768,True,converged in 3 iters
2015-10-22,-0.059411398722963964,-0.14268954315717008,-0.031375285901663795,-0.004927284578134895,0.10555046051627,0.20355638527653996,0.08817535104783114,0.04875204578930778,0.18853180114049656,-0.0474317185313862,0.1716659166321803,0.31378243539982714,0.04347284846310765,0.15401383960225026,0.2910238132190803,-0.10563987202178989,True,converged in 3 iters
2015-11-20,-0.007963788062757693,-0.019934723937213544,-0.1469303608857084,-0.07093036999695229,0.16452765647441844,0.2860987926321683,-0.01447838547745671,0.016332794440012392,0.27988873428145766,-0.022514025284012324,0.18281419977951635,0.304517113849807,0.045068689809136656,0.1770668084722901,0.17168806206626594,0.08924549455082638,True,converged in 3 iters
2015-12-21,0.029250249283039632,0.08241505884422934,-0.06407261013083325,-0.12197995156785053,0.16118875827712684,0.20198340070823304,0.01575296334703508,0.00749818898676673,0.5004348464848846,-0.027168655315009685,0.13468904386198033,0.28042517981330967,0.021578067286992127,0.08488780444749237,0.13122900425284612,0.13544621739237092,True,converged in 3 iters
2016-01-19,0.0008823930085198879,0.0832337564603875,0.13115693534834996,-0.04697172765195832,0.26973037142461737,0.16700983178289974,-0.02360336727438993,0.05062490091356038,0.19763365306729377,0.4024016825020833,0.017040252781895266,0.29023233264512777,0.01040918550940962,0.02139333385897245,0.06982857531466487,0.21784770045587,True,converged in 3 iters
2016-02-17,0.06863664615912851,0.10569259359922362,0.24199696050606467,-0.12801990084894616,0.2284844926408824,0.11699314321941269,-0.05938111283306224,-0.019450360601098064,0.03215322614278831,0.3114834045801359,0.0005437141102968921,0.3179428791251257,0.09922256559084625,-0.012174307266863277,-0.032715406378415704,0.22510928639770958,True,converged in 3 iters
2016-03-17,0.09841973373155878,0.12499019667461543,0.20651482609311866,-0.111221620668504,0.19084279333492568,0.1020638504883107,-0.10772775683059956,-0.05757791704387118,-0.06662630520121005,0.32988587711897416,-0.01979207482253718,0.16630453400742526,0.08345406613020913,-0.07027329548816816,-0.06742733854294754,0.19687781382302494,True,converged in 3 iters
2016-04-15,0.06951874972775073,0.12281477047697187,0.26398349396909004,-0.13979994721258934,0.16238999381480887,0.06644162960666221,-0.11354268140119357,-0.012328326406522162,-0.034689648532642794,0.3480778674809438,-0.03245634662229898,0.15895458193423487,0.12343082520381367,-0.1286723100124904,-0.10227019482793542,0.12062863277005118,True,converged in 3 iters
2016-05-16,-0.0005515432764695414,0.03511601989929127,0.24738240434403638,-0.08405342226705291,0.22358093274703328,0.10152184837410828,-0.08451652309323965,0.07943377210483331,-0.17209546650258087,0.47690749834556656,-0.06875426359525777,0.20032365986682787,0.056562227455884226,-0.04668502846480779,0.0031682945207770477,0.11934709514223328,True,converged in 3 iters
2016-06-14,-0.012119759693159864,0.0180381776190853,0.26497783664832947,-0.17534976831103258,0.1459913676543795,0.0659237870999185,-0.0413643343925255,0.17781170070560143,-0.16763883307892266,0.4244438990439841,-0.06947004012680474,0.19613223078901534,0.035319686948363925,-0.03195419067777244,-0.019032583839364382,0.15443180337174037,True,converged in 3 iters
2016-07-13,0.01542532765897268,0.0463218119307641,0.31447581602335917,-0.22214957366405216,0.1477643286428984,0.0561559820998887,-0.0038746765060587245,0.18050093892229738,-0.1449813347518226,0.42555734300654513,-0.06923303735667494,0.09125632642515391,0.06192802863797831,-0.10893046172227151,-0.0006080305791501759,0.11083698207211215,True,converged in 4 iters
2016-08-11,0.07101111649393421,0.07868039316206554,0.44356561274279016,-0.29988920405142827,0.0841654850915813,0.13112650123884495,-0.06378777146609428,0.15160768734846353,-0.07367659559282465,0.42246248517321755,-0.01430960785310817,0.06111062248187564,0.037531045375758194,-0.03083909137014707,-0.01954294775276014,0.01669383280510631,True,converged in 4 iters
2016-09-09,0.013424488578790222,0.0264067838853774,0.4073936268080739,-0.24647999246904057,0.07754357977558689,0.13274966420050574,0.0018295248847766826,0.28482547835141653,-0.13893200449778856,0.3099901106223888,0.04050061503638117,0.08665278066916615,0.014472639131813429,0.06634211076322503,-0.04787236900782394,0.10458423131784511,True,converged in 4 iters
2016-10-10,0.046949441654556896,0.09301677342436107,0.39142442363782165,-0.20434125393767255,0.044598856426234,0.10139315697402743,-0.0746393338706919,0.18079914776737535,0.033268467469280465,0.3041049960389775,0.07180303336606289,0.10692403442928156,-0.1490369023232632,0.1154563626673312,0.043551198294806207,0.03869261771825619,True,converged in 4 iters
2016-11-08,0.034131539610296316,0.08145413726565551,0.34566259734268767,-0.11945288617726645,0.10097477308503773,0.09042471798777842,-0.023230425601350562,0.17322388844450837,0.09365195228130468,0.10609500182094062,0.021078605802817035,0.05581823533869713,-0.22855550936413613,0.31649221922816356,0.17880933984322353,-0.030944170806136317,True,converged in 4 iters
2016-12-07,-0.004217112606489251,0.023268780024197005,0.27484982557731874,-0.05852202234556866,0.07315877420094033,0.14749253572005325,-0.05444644026543243,0.1615452389622817,-0.0833008375541679,0.18577387503605647,0.055524578615947555,0.07356433710638048,-0.16733059184261537,0.2865643723683759,0.28766528853265255,-0.06277538924152246,True,converged in 4 iters
2017-01-05,0.008139158385569806,-0.06154258491537014,0.2726153641438895,-0.14986327998463592,-0.04283065110751858,0.10262675485928044,-0.03316387545951194,0.17629550557650478,-0.16457343556507825,0.034714933942941485,0.1877019431606658,0.075126317924038,-0.06727806046894202,0.1878211470755898,0.29466441709541974,-0.14104257033504364,True,converged in 4 iters
2017-02-03,0.0042368981258592954,-0.025856710427914344,0.2515991877817996,-0.24266360107670196,-0.18642209950597396,0.07687970117304292,0.019212111711678637,0.1766566786120759,-0.03184049958304358,-0.03945696380059346,0.22388998623267942,0.028063523087124738,-0.18740968573478406,0.05926479651072335,0.32448245951496574,-0.12206509712103894,True,converged in 4 iters
2017-03-06,-0.011736308748430884,-0.07218250378100682,0.17900417490512638,-0.17432638301726622,-0.13945286837885162,0.08021378107895039,0.018602960264494782,0.15756506051982905,0.08995874382277319,-0.05529711998833009,0.17747742371102604,0.029086384425822464,-0.20903723816406428,0.21792731204788618,0.2277074648304004,-0.160424272315741,True,converged in 4 iters
2017-04-04,0.013589963592638851,0.004898137494683916,0.27142777614250174,-0.14549751806011024,-0.08897566153054774,0.1890689650198458,-0.03870679843562188,0.15371428115484023,0.13266022833448898,-0.008242066854824853,0.18618475766558348,0.029420921722498793,-0.10003441632470793,0.2491980191842649,0.23646283986116967,-0.15191764862167115,True,converged in 4 iters
2017-05-03,0.08689888279177303,0.09057062939147023,0.26000290972914064,-0.13069837376982152,-0.08404399668422345,0.2010834092102485,-0.062040451609527446,0.104831984694235,0.2677736575979696,-0.07976075849293997,0.1484118756098663,0.020737569184981316,0.004316312530812699,0.1705183341287877,0.16058694332892345,-0.12772391124527932,True,converged in 4 iters
2017-06-01,0.022899992974406983,0.05171036226629063,0.35655194096595894,-0.045526453531554975,-0.0073726450522183335,0.23831527560196902,-0.05721224756902616,0.12120021835635472,0.2632961267530414,-0.015081175532453056,0.16140799794084415,0.004337252594567265,-0.0381594279679131,0.23063796715863055,0.2174831488103704,-0.16880776692440053,True,converged in 4 iters
2017-06-30,0.028200793628037204,-0.021031463132824946,0.30352745508808837,0.02236116732760734,0.03308750111499299,0.22225309524918763,-0.0029891397790228285,0.14726873967033294,-0.006790188938472598,-0.2499221699971607,0.2702341959706086,-0.006029122528820499,0.09084863266223708,0.19116915735295573,0.25507178809349657,-0.14921538946615415,True,converged in 3 iters
2017-07-31,0.009092855825098615,0.0006255658341304491,0.3139390164516231,0.09062516817564646,0.13409807418746303,0.21172564264469848,0.05137081618023242,0.18512115371588653,-0.1971110512348797,0.11318807019525415,0.2366886197180418,-0.03363004007096457,-0.03157650367957182,0.11399787121612488,0.2409131853387658,-0.036296365531618316,True,converged in 3 iters
2017-08-29,0.08851748551520103,0.09510490356668347,0.36287334456871456,0.07833584082934548,0.11724781370358446,0.17389520354166313,-0.15600567041464034,-0.05758580455373289,-0.13696866853348302,0.1334352010065271,0.18649968104068687,-0.029010686497285464,-0.0017850576022374518,-0.025190110083920397,0.2555971444489699,-0.10194738409332474,True,converged in 3 iters
2017-09-27,0.07100963674140066,0.07156517738155152,0.1429513736455945,0.08118338434923524,0.17319096610696746,0.26817982234834115,-0.05249642171426086,-0.014131939355411446,-0.2613943647525016,0.15313518429766343,0.11216211095069427,-0.05258109351037687,0.22146380584286177,-0.09030956846147327,0.19354668701445588,-0.0406984635272102,True,converged in 3 iters
2017-10-26,0.06593867693297921,0.06689248537301835,0.14561737917048004,0.070659007720281,0.14321657148411934,0.19921432691647892,-0.11540529614215217,-0.07331522064413808,-0.21118573690481401,0.2784727784917474,0.08608632403716239,0.006009579641676754,0.17453142652690562,-0.19904722318361143,0.1481765253353225,-0.016231441495112554,True,converged in 3 iters
2017-11-24,0.022466274868641174,0.10087398451984288,0.2136320127103918,0.047744997398538845,0.21003292933006587,0.22914549305033133,-0.1442912557984245,-0.042362606132600324,-0.14484988287998926,0.2934879550414094,-0.0023133920867909625,-0.08602978150893563,0.21019709663558533,-0.12008912144136838,0.11844993746410291,-0.014033279132981254,True,converged in 3 iters
2017-12-25,0.002780277691556249,0.14713462645122755,0.19381217824676722,0.11267725707404506,0.26324715541735505,0.24571740709907142,-0.13378749793969705,0.028098160433852225,-0.072275539535403,0.29384517930606535,-0.035551420582866526,-0.09441501104554448,0.22712168149595577,-0.002948626647511843,0.09491824484454102,-0.051669736188540205,True,converged in 3 iters
2018-01-23,0.00044142053343691084,0.11630816734576221,0.16046264775357982,0.13512835868468676,0.2875779470464974,0.2497138998945249,-0.12412365607260138,0.021965344281218966,-0.06455926262251924,0.3145763058805414,-0.046573602643934175,-0.10959413646019411,0.1637854598462999,0.05161678692410619,0.08324573925857136,-0.07032726475152537,True,converged in 3 iters
2018-02-21,-0.10429714409278702,0.054376249646611315,0.1587893113812269,0.14174814442687622,0.28550692611681117,0.27973757225369456,-0.09229781633315604,0.05192083534856982,-0.11829845868004973,0.22982152084586754,-0.030340347508980996,-0.07090244379538443,0.1592413707172032,0.015569478962346929,0.12910448068931532,-0.07804789920111907,True,converged in 3 iters
2018-03-22,-0.1422221293017312,-0.012877317225968429,0.15897126985547852,0.14716557611285008,0.2770243113373902,0.23678761966613812,-0.03955688092695353,0.04035830886744243,-0.015776141264583588,0.27956418871514466,-0.026598030945398483,-0.03612877819153674,-0.08975027111263091,0.18286930109204433,0.18825158676093243,-0.12609828862377662,True,converged in 3 iters
2018-04-20,-0.11297289195696505,-0.004220149728122044,0.15105962307555507,0.14019146648512987,0.23914347224947435,0.17191834851907847,-0.024761025416820195,0.06443660731306053,-0.11937255231736014,0.2621986059798522,-0.02838833020560927,-0.04284029242942357,-0.10105880907350659,0.24926975191462766,0.18275392982966665,-0.10541414350574838,True,converged in 3 iters
2018-05-21,-0.0638470312645352,0.017838581312769986,0.1304485747042321,0.11094305217269859,0.20410157648369043,0.17174722223685077,-0.07684569614503159,0.0017718951605996947,-0.1682304960716004,0.3171303290098723,-0.004345110589606859,0.03598179365990904,-0.1165976183602591,0.2077622992496306,0.26574141389149813,-0.10666730968721502,True,converged in 3 iters
2018-06-19,-0.0791577511466784,0.032976693996458264,0.10121372021353758,0.04012800074558864,0.17009659999224339,0.16468323068642737,-0.07433301265529986,0.0036650148685280102,-0.03722502230966484,0.38704360671446625,-0.034392858911938266,0.13753344457709665,-0.24739836679247207,0.23404246107484197,0.1997920643826327,-0.056318150932126054,True,converged in 3 iters
2018-07-18,-0.10931637775412467,-0.04122873333465009,0.11773233840618745,0.11544967147800608,0.17145627455201384,0.16934306259183335,-0.07286486045832748,-0.05441395321772793,0.004232904695698805,0.22062524865161826,0.027037301617211948,0.04863631527150403,-0.21754021689695927,0.31890202994266503,0.18806850838945494,-0.12315220274201688,True,converged in 3 iters
2018-08-16,-0.13184396528970652,-0.11438493028745651,0.10149836986537572,0.11561743491190682,0.12237605864691145,0.1772222659979703,-0.029960804815559638,-0.02487620701808259,-0.1346339312640105,0.09658766817939729,0.099232157035129,-0.010459897143567156,-0.09051026787736795,0.43066673481172807,0.16792656557041924,-0.15220274128541134,True,converged in 4 iters
2018-09-14,-0.1834719941207673,-0.13584906125941312,0.21173231751715008,0.16368009399817268,0.17351516414887413,0.07393916557201628,-0.06056884989173004,-0.03441530687423755,-0.07137694433836045,-0.0025591004104514553,0.10200606174928283,-0.008637297163126268,-0.1555572563134048,0.40194911530317873,0.12848799138161118,-0.09225427995822297,True,converged in 3 iters
2018-10-15,-0.2206225313729284,-0.19379953972067615,0.12686056737634757,0.10950676226544277,0.12159777374724148,0.15473496581775992,0.004605203292801637,0.0673681240456725,-0.08845861712939575,0.08442396318246893,0.0824040297972043,-0.05898837199951307,-0.14935801257009174,0.34388686053770623,0.10019791087626859,-0.09318676626848081,True,converged in 3 iters
2018-11-13,-0.10130513248365264,-0.1373974590350299,0.09146362968556593,-0.0006931820196407373,-0.026179518126535573,0.08759842367844661,0.15726885629671727,0.1689825899368053,0.11721221553935893,0.03798133269999295,0.14614034682459207,0.07957212190570748,-0.22018292504945333,0.42622301466771767,0.09111268341490186,-0.11068656863588192,True,converged in 3 iters
2018-12-12,-0.10251949105809152,-0.16000259350973978,0.14838350188778215,-0.05773592554468362,-0.07177854271953812,-0.021368000306873372,0.17735380563047046,0.17352392862536217,0.1476481651565831,-0.13911508424436242,0.11377992233265437,-0.02971868203309303,-0.27350076157136494,0.3161132317199919,0.06397711662042177,0.003481247038987132,True,converged in 3 iters
2019-01-10,-0.1668689911730463,-0.24365201663203528,0.3260226303752308,-0.08939079477506752,-0.06256946268448209,0.03507113932811624,0.12859878665848043,0.13942798925055008,0.06439761669022571,-0.06542143137869387,0.1266339974060587,-0.06717749531482285,-0.002652606588114292,0.2982536389353772,0.11653860171010476,-0.06732280109959418,True,converged in 3 iters
2019-02-08,-0.09609153428317614,-0.17831902782955888,0.17286710771298006,0.020106904027766857,0.04883714314465056,0.13810438714499515,0.11212936344980663,0.15536802627475851,0.007790904539201206,0.41902621382990984,0.0887070405245256,-0.10019659525815655,-0.03761481079105744,0.3462578938458739,0.07477844300556569,0.0038046043380168685,True,converged in 3 iters
2019-03-11,-0.09389052403596161,-0.19041479824187846,0.09310229758482652,0.01777275779252914,-0.038583182895330775,0.1275230450479929,0.18161970790394524,0.15964503999856516,-0.2425802310559128,0.14674540043485682,0.1473814882865233,-0.05749196893464948,0.14181403581641033,0.24702845658462713,0.053404826193225924,0.061002239192764214,True,converged in 3 iters
2019-04-09,0.13319223962674734,-0.14166722419392172,0.052390297936218286,-0.19831455303758141,-0.3440518072975759,-0.01330875476042563,0.12630123792999115,-0.06256898654650264,0.060736914928390034,-0.27540465801052094,0.28324190576721114,-0.10894380143125142,-0.012213428703865036,0.0978137570971425,0.06981770104855625,0.02003273168409879,True,converged in 3 iters
2019-05-08,-0.07806866505111558,-0.16663538341552284,0.09741646153959899,-0.0569878572617786,-0.05693232737898789,0.1790401118464485,0.1897173729726534,0.13827645732920918,0.07325067329987667,0.07149608179763987,0.10636270179529998,-0.2839773312856348,-0.03084527960352716,0.2951755927965773,0.06332509665854553,0.11249260596758405,True,converged in 3 iters
2019-06-06,-0.1165557051185942,-0.14273724581317468,0.2180812841777319,-0.06263512083389773,-0.04168216511110127,0.17871439082370205,0.05460754266585163,0.061564881626062475,-0.18862887866264694,-0.06536811402626126,0.07948576190582525,-0.27748058827346045,0.1715499816540759,0.25413680088758145,0.04293435092283407,0.043837187497199066,True,converged in 3 iters
2019-07-05,-0.19319648856668795,-0.18525197546560032,0.13554954364648594,-0.2038154771609956,-0.158936933368284,0.07937931903900523,0.1721194557304107,0.17502138813147422,-0.27611148052582074,-0.10188843002344372,0.023323530148322263,-0.0655823578533507,0.1246838772783003,0.09216909952633251,0.010843790125747356,0.0021268534097383888,True,converged in 3 iters
2019-08-05,-0.2512280736159117,-0.2714562898826389,0.16216783868309045,-0.11061414578968048,-0.04201596188223047,0.12463825740875853,0.19270743769811838,0.23086590853182487,-0.16008382792030082,0.024399819156922343,-0.004168640718715915,-0.02201387206719445,0.11466910604484472,0.1548497412659026,-0.11429327655218313,-0.019827802781682283,True,converged in 3 iters
2019-09-03,-0.12767713562567626,-0.09973983112932512,0.15556363876745322,-0.2591891653449333,-0.15798045402095742,0.0784075957591231,0.04643944422263555,0.10837522208622151,-0.12972185856010038,0.0592162706592693,-0.05686824918258137,0.07507507447372114,0.1740882347294872,0.18206376705491178,-0.1633712371000934,-0.12622282128350992,True,converged in 3 iters
2019-10-02,-0.07704565722167536,-0.04857465724731881,0.10342361462439266,-0.2964992752814369,-0.2505404498064715,0.05094444107240334,0.059554527105562784,0.031208386152830735,-0.22991843788997693,-0.16161840961143506,0.023758794170094903,0.024122564349454416,0.1605848812953849,0.24380211522818443,-0.16606811633383572,-0.07233567260954173,True,converged in 3 iters
2019-10-31,-0.08422482702259114,-0.09952550703974405,0.1131759902878996,-0.11059728229510087,0.002665897858000288,0.2062392339066805,-0.027537343350449568,-0.06626418224468275,-0.4230602319774043,-0.04498910345839888,0.00638450095137969,-0.23780884138913888,0.31954624009059207,0.18189345302296114,-0.05146955475011995,-0.02461781035485646,True,converged in 3 iters
2019-11-29,-0.05616115556627657,-0.2093160585526051,-0.035232349853363425,-0.13218617477437627,-0.09429147973450192,0.23575696737237356,-0.06979840612134237,-0.046675320517647376,-0.4371790697043175,0.0457285614816219,-0.00917909219544022,-0.2563739826876375,0.23685058242596152,0.09584287043812073,-0.0342025137448958,0.005225414829517946,True,converged in 3 iters
2019-12-30,-0.0831110762488246,-0.1988707130270645,-0.023388961941239038,-0.11447862898111415,-0.19492085268350529,0.12887384327660825,0.1343439143380662,0.0851102705840841,-0.2080903681312328,-0.19245445830174723,0.11724458536795132,-0.17415012070773944,0.0853388662307026,0.24649124103602263,0.006039466430158518,-0.007092632713939524,True,converged in 3 iters
2020-01-28,-0.021870922920965267,-0.17560315132022378,-0.0946701594627548,-0.13773717149741865,-0.3068809240308211,0.043726842688456086,0.022424592758162217,0.049041841912128174,-0.09902231246832063,-0.4548414983830951,0.2047898619980583,-0.1937614701503265,0.06561618384915814,0.039861806071306925,0.05016891376623497,0.039982346722569416,True,converged in 3 iters
2020-02-26,-0.020369821850845994,-0.19380027611661732,-0.07969590700731215,-0.10640671777563904,-0.30819739884266006,-0.011506157002716627,-0.035267472076953854,-0.024574639271510133,-0.1737391623911401,-0.43778722874700393,0.2162892889178812,-0.19677305747652388,0.09262073565807882,-0.06048759760065878,0.040143267466557976,0.002341271797900308,True,converged in 3 iters
2020-03-26,-0.05498693271142311,-0.21081808545994832,0.05636571937722507,-0.10544407672796387,-0.24711712317748197,0.054423470802318276,0.09626691584899567,-0.10063658165314725,0.08582674028614555,-0.3510374030844789,0.24428866945092934,0.13694727301781323,0.03255992340965481,-0.17271506623879102,0.037366732504854,0.013199286248829888,True,converged in 3 iters
2020-04-24,0.06752994554832331,-0.037258527543752064,0.010443112167662007,-0.20123887125364967,-0.33965949196086187,0.024543265377607072,0.021865274335691937,-0.1271914215982954,-0.033885034099298855,-0.5057101523656494,0.2513195193015137,0.04780264063571856,0.025232856514401342,-0.15084653106886445,0.04571342746702493,0.10975992876168555,True,converged in 3 iters
2020-05-25,0.07979130549084706,-0.011094044506465625,0.08543591237066843,-0.20987829777390624,-0.25375707844825934,0.0724027787227556,0.04189507869671857,-0.13337734566970394,0.044329396217319,-0.31456222523908056,0.22495785370492394,-0.013437869608550831,0.03665651102915614,-0.2384870521054493,0.14973393928257084,0.0902033111336245,True,converged in 3 iters
2020-06-23,0.1268872572154295,0.0430834775155311,0.11798706713142278,-0.14514237707858466,-0.21091618930334424,0.09315498756579635,0.029808165288392086,-0.10098782853228444,0.05742931695848369,-0.3155542804349997,0.20278196399151976,-0.00647434609619699,0.029016826585980347,-0.17729212874780062,0.23158245246358947,0.11190133509064445,True,converged in 3 iters
2020-07-22,0.11526321751353813,0.0880319933196795,0.11564847514976377,-0.09101459471823711,-0.1076712507914469,0.13724270971059963,0.0481174825000597,-0.17049206708841688,0.10491063820563439,-0.17670100751606718,0.1583799583007792,0.037906238989135414,0.033113548240304415,-0.2790110455025556,0.2931603035674826,0.04333546888629964,True,converged in 3 iters
2020-08-20,0.09112156686734729,0.06148446586327341,0.14700067442624212,-0.03373490959207052,-0.05706115347563967,0.15665052152071599,0.07960793769344382,-0.1509989588541461,0.046998445447709196,-0.2067622094145911,0.16858284027389706,0.017667115894948338,0.034489867928808766,-0.3082726340747406,0.35506499699030936,0.08450170168211674,True,converged in 3 iters
2020-09-18,0.0267284120152821,0.02196777699574459,0.20835429929983226,-0.08640285370835911,-0.05950923914287105,0.14524666537091258,0.1556906506456067,-0.03313613936404892,0.08489483025349662,-0.16090551736027928,0.1463324606239981,-0.0014585827027193642,0.04121116431623951,-0.29057217106625455,0.49892007621265466,0.03866916092170082,True,converged in 3 iters
2020-10-19,-0.03756943568374222,-0.012036627103115222,0.168915399642681,-0.12636378582914543,-0.1253513018777484,0.07158132111217885,0.18897140394600628,0.00426916948088364,-0.003263655855936437,-0.24050983782126087,0.15834808263695352,-0.017410763062017675,0.03873207794146239,-0.25450080393111096,0.4984942514490952,0.05368208262666193,True,converged in 3 iters
2020-11-17,-0.05083782871581173,0.001136730245082675,0.26681218831203024,-0.14268551634127605,-0.09274869335996577,0.1185810037734116,0.20405364789597918,0.07001044163924029,0.0567904570890955,-0.17385517880201073,0.1649228855440468,-0.002753032448200273,0.04011948268635787,-0.23074621115182192,0.3370868753106831,0.04685982668498649,True,converged in 3 iters
2020-12-16,-0.025009513582015145,0.0483093015530723,0.3118635221031801,-0.17541431170885524,-0.06120392874592562,0.1197758074079635,0.14653339642449456,0.015048234292622078,-0.03960357874134431,-0.19970278492493168,0.17978161922468305,0.030725394878069075,0.03671499391725505,-0.24926718462720146,0.30685213387713617,0.05419429399125067,True,converged in 3 iters
2021-01-14,-0.11190661445931913,0.3008850351118449,0.3103228991041838,-0.002014916483215902,-0.03632400863400985,0.10794384969633274,0.027596659341351606,0.02114452521305714,-0.024367279451052586,0.08977379571071228,0.18078684856233293,0.06354740307067046,0.03808040547557278,-0.34415881333487347,0.26555336837514476,0.07559357797632582,True,converged in 3 iters
2021-02-12,-0.08837516258464989,0.30996454241250854,0.34082568614538633,-0.04612775918646552,-0.010288949654748603,0.1561199098281119,0.0158047620513335,0.06584877694789011,-0.03181220481816832,0.08178115634705901,0.17876574535257278,0.16986436799707572,0.028216464528882386,-0.2570758544264364,0.18744609247934418,-0.03168256523936681,True,converged in 3 iters
2021-03-15,0.20152381682612525,0.24572612944438865,0.1988573421575792,-0.007738044785083448,0.12118364382544847,0.3357091851606325,-0.06303182824122976,0.041139804784395786,-0.09470073253782908,0.24383769966923563,0.050091572856479,0.09976918877571588,0.018836592093716062,-0.027549476052267704,0.22414855507995451,-0.02615638770991903,True,converged in 3 iters
2021-04-13,0.11444413145487788,0.10958955538715288,0.20243934051762127,0.17441798736120104,0.05067363008611756,0.17782356065719931,0.001980899387293332,-0.0249105803866289,-0.1522935491430536,0.10562303561071147,0.17245250708200452,0.10083702568492683,0.06304968528533139,-0.13342190972021578,0.19253214223895448,-0.2235104599967097,True,converged in 3 iters
2021-05-12,-0.10379376888275606,0.06267328462953047,-0.028186440470710478,0.2754049365504094,0.02493656824257468,0.17499786410922255,0.018808464446141874,0.065378838557281,-0.3903894604144914,-0.06964786376983155,0.18704646255325041,0.11414577795306156,0.1556773240509407,-0.02932511212921012,0.1445372971747399,-0.15505053606584807,True,converged in 3 iters
2021-06-10,-0.07962038263307916,0.0201016979627164,-0.0660960243652836,0.31007141605553035,0.05859843285481943,0.20410359580128468,0.023572277285635625,-0.06113083595228248,-0.28640170212904653,0.015159873229223315,0.2300869429669393,0.05804303641854762,0.1485464041434833,-0.1054510308465051,0.14007025287772687,-0.19294609447789626,True,converged in 3 iters
2021-07-09,-0.12605634982774422,0.07940931848939545,-0.0778711333066493,0.28112239951309226,0.04537207551641901,0.1911358073144861,0.005373867702084925,0.010259146272490433,-0.3086130997723854,0.12537078401827775,0.20783162814391365,-0.07299161830710588,0.16914033816870333,0.05566748479909502,0.1434431633191895,-0.10034178552896776,True,converged in 3 iters
2021-08-09,-0.23500499071419545,-0.07445386027550863,-0.158461453084574,0.16581862295089042,-0.12740383581323886,0.03616534162462942,0.1650216396564512,0.12187550922433345,-0.1840361046163801,-0.030733987842785606,0.24360325731225838,-0.06444791497459691,0.1486924686495582,-0.0039706152504920935,0.0914638595231666,-0.14884653848694057,True,converged in 3 iters
2021-09-07,-0.2080687469851475,-0.1738550578097614,-0.15161098624326713,0.17719511364742127,-0.041950624312675405,0.16416100300383957,0.18388755882747101,0.09539136087873804,-0.09960107757848397,0.05977399538485031,0.22207217790270195,0.009418659887951179,0.11545339401929577,-0.11533878752721018,0.06080796265500872,-0.12141349333617632,True,converged in 3 iters
2021-10-06,0.07004493867440495,-0.31548931828329185,-0.12388642905628429,-0.022062654351824338,-0.17487569866526273,0.238597713036038,0.21903398990651224,0.0611602109193259,0.012352924150845572,-0.10760135500309222,0.33911635518271527,0.026592559630150135,0.007091628854190933,-0.05686972154744261,0.08314107857868837,-0.1420834241599308,True,converged in 3 iters
2021-11-04,0.14301072632968762,-0.22359646200085523,-0.1501107696990077,-0.05126678199889,-0.24113812520104516,0.06500728366223008,0.16865927921796572,-0.010608124883459677,-0.058109230375830066,-0.2702862193330477,0.32724785201466117,0.03748824115485312,-0.004884488050945801,-0.12322204800745439,0.10406965952989725,-0.021294708540169276,True,converged in 3 iters
2021-12-03,0.09702297052934011,-0.2045147990950899,-0.25696699985284643,-0.1010362190479621,-0.27369026255608797,0.08358286950785558,0.10687438194898218,-0.004067875781135072,-0.024483906902908355,-0.33385684174751173,0.3093089297523597,-0.005272144267726996,0.0035104331836482427,0.020914839897068473,0.1494812164821749,-0.02541530944730233,True,converged in 3 iters
2022-01-03,0.07370581309494345,-0.22724638697900199,-0.19482234682731672,-0.006749493712144518,-0.22007750282617702,0.032651444372115285,0.1464943139167648,-0.09761093086537723,0.01087538140950443,-0.3781265966999431,0.31353566721494047,-0.04240515932343311,-0.037612607705250344,0.11208294154860335,0.052450696073782874,-0.05355271743070164,True,converged in 3 iters
2022-02-01,0.06015249020326272,-0.20228682768917716,-0.1331984133185841,0.03169415155005007,-0.16481795465211524,0.06179737830861291,0.0739765159682965,-0.1424596226075562,-0.10061976634261237,-0.3183892256273622,0.2763217543127732,-0.04931216031930611,-0.04128347403263154,0.21026398160657614,0.06031666724183997,-0.07310961621924346,True,converged in 3 iters
2022-03-02,0.04584454010852254,-0.1655321213036165,-0.06852515116685505,-0.011395016328983968,-0.19495885699405122,-0.06340400669342497,0.10229931669104766,-0.1045878324116882,-0.027312938205672217,-0.4687301962151739,0.25663128906992155,-0.1577833364784306,-0.0376705087132103,0.20454471346965303,0.05585799045026194,-0.03492218569948628,True,converged in 3 iters
2022-03-31,0.10799779406232948,-0.15932248385957634,-0.007776790009350047,-0.0035766263524948613,-0.2123442877531161,-0.137283334167627,0.17553105904026284,-0.06787283182635964,0.04277728410731487,-0.39174332555350755,0.28189613156373383,-0.13649129974171345,-0.03888602714496535,0.1327699602836953,0.057085396579837244,-0.04664536795411638,True,converged in 3 iters
2022-04-29,0.10308443633196306,-0.15110061754559617,0.0011757025656725089,-0.033552985215766745,-0.25466803581410263,-0.1966972280584452,0.14135036324723604,-0.10992179225577053,0.014231049687899403,-0.2979556469817153,0.30614720167641474,-0.20918387040758127,-0.030686906885563983,0.08144410278574578,0.04912899162529119,0.01967106891523548,True,converged in 3 iters
2022-05-30,0.13711595694954423,-0.09452137685756525,0.011576752144462986,-0.02319001527970782,-0.18176852675585586,-0.13748261061830994,0.1079908655663585,-0.1452761210539479,0.07618952684929142,-0.26151169276751574,0.25081233756611365,-0.28388311055476145,-0.026780284673635375,0.15721114811266645,0.06354838819945721,0.041141286050806254,True,converged in 3 iters
2022-06-28,0.16977686998985703,-0.0817926668655466,0.1153726909525613,-0.018293482097871405,-0.2183264780215927,-0.036046929258977047,0.0563433565653665,-0.15567065015362233,0.03131249256209602,-0.37095040054666917,0.2614561872007632,-0.21103180335068147,-0.0268299950453179,0.16976029470552856,0.057988781274673565,0.019046921408875157,True,converged in 3 iters
2022-07-27,0.22504988822417427,0.0007836494833522457,0.1017088913447754,-0.053954081637075,-0.2591952499033641,-0.09057947331361534,0.008251096156769635,-0.21994298991619907,-0.011826164379140084,-0.32653730297613953,0.25322659494172844,-0.18284909681783576,-0.04208625638763136,0.1079472289509246,0.0671580116635119,0.04890402390376343,True,converged in 3 iters
2022-08-25,0.20904025918215433,0.040203716528360446,0.08082603605896896,-0.07500262897080141,-0.2238750267508528,-0.06349695343730376,-0.04932960539691289,-0.21334110521032854,0.005806395755271828,-0.33253314976188764,0.21742876015883839,-0.2057937844902908,-0.050054150114879556,0.12011191172176909,0.06396103975760249,0.04919547670377732,True,converged in 3 iters
2022-09-23,0.2083115812523179,0.09282499873028359,0.1217606757219951,-0.022141662682554734,-0.14446441694985956,-0.06411395618824106,-0.09583281974780755,-0.16914061691400414,0.11728799281919144,-0.2898408075012252,0.19737017595472095,-0.22245139393176333,-0.02240749540567569,0.13783326263748355,0.05275025556101368,0.04146788800186248,True,converged in 3 iters
2022-10-24,0.17752613770624265,0.06931068520834012,0.0007327983133093677,0.08647186619002731,-0.03781795893175603,-0.028565519482447267,-0.08141038766341308,-0.16420236270705477,0.2092810788283686,-0.17996604640916727,0.20495190567768468,-0.35870248772144453,-0.026601565164629654,0.2667990092351623,0.0670037348727389,0.04065645588821351,True,converged in 3 iters
2022-11-22,0.14184995882094278,0.13297662539844438,0.005262607324002649,0.09318263438412529,-0.014560117864580937,-0.018993753009182532,-0.12050874462307186,-0.020289477311668972,0.19703694861525417,-0.22112578571030192,0.27787001601768907,-0.36909086092576465,-0.013813940618748318,0.28031609754785,0.05839054871359359,0.034731883114778886,True,converged in 3 iters
2022-12-21,-0.06094489180076062,0.050658876141043585,0.016702078006303325,0.05138979045272494,0.03221647715813078,-0.0365034853146944,0.04946468809085156,0.12398681044818136,0.23380272248200776,-0.2289434461187872,0.27673813036743766,-0.26346672404424637,-0.004397467820449074,0.1848111446590019,0.381880720082931,-0.004092547012448655,True,converged in 3 iters
2023-01-19,0.00028924468288661615,0.16654667997186964,0.0064320535774869845,0.08232479789028667,0.08491637028538973,-0.1013380832716417,-0.04692516625738834,0.09462731773314978,0.20568463159034014,-0.11313872970419513,0.0963487718116443,-0.32849311185636915,0.03214655272326578,0.13179522552434425,0.4188015838013907,0.0901916793183511,True,converged in 3 iters
2023-02-17,-0.0011284134644761654,0.128661693450136,0.004709743483844182,0.07295051112215493,0.05644312379319735,-0.08051027413860698,-0.07950138425240974,0.0925176766041782,0.12192568804215548,-0.13989057355904938,0.16985397406569647,-0.3357271203114756,0.07570966993209256,0.04787478356651674,0.45945999201880694,0.13313537819520327,True,converged in 3 iters
2023-03-20,0.02940008808869277,0.03353792139805471,0.009753844114695018,0.06007336985209714,0.11217241414438803,0.06210357939273226,-0.0833162286630904,0.104808381975107,0.12852443386341458,-0.16670224279751947,0.06525275251411493,-0.26562331063678923,0.13582458002727546,0.10073315166378789,0.4671061276560126,0.17506757321222838,True,converged in 4 iters
2023-04-18,-0.019389568057782535,-0.029354564848475814,0.013157542607561133,0.13297653522873207,0.1682289639428501,0.05167234530399208,-0.0634932964661448,0.09639903238262737,0.03718630627060162,-0.20911995447532153,0.008715774352358494,-0.27854706731064316,0.11748759530758145,0.1686794581397639,0.48212638290543564,0.12346561240012872,True,converged in 4 iters
2023-05-17,-0.01042707903369866,-0.03502772479128885,0.011153086908662062,0.0859174171894295,0.09416924988779372,0.0985492785990587,-0.0554360600852675,0.15520342141871993,0.08451579428142283,-0.21790952451247683,0.062160454186620084,-0.27457563171585053,0.10866211041067096,0.14018307870117758,0.38463437398190853,0.1814757142959539,True,converged in 4 iters
2023-06-15,-0.0018160651325541204,-0.07563355701827351,0.012804454977394174,0.04606215689778043,0.09331024774285387,0.16787193203082657,-0.030441418493546868,0.15359734840311895,0.12025959237498758,-0.1329854709659606,0.02254817902693894,-0.2294399192654539,0.09200140299925892,0.10973421554991666,0.5689877894915069,0.14250624962962788,True,converged in 4 iters
2023-07-14,-0.04381143612017435,-0.09142124165010015,0.016305593413726244,0.08990701867644536,0.10887870269891914,0.15372749241581704,-0.014670723906474305,0.15534794332546373,0.1629894543223724,-0.16033639988139994,0.005038937506999573,-0.233637069846992,0.07244410736585312,0.14498559510336131,0.4421193268442371,0.10437895692166428,True,converged in 4 iters
2023-08-14,-0.04756842100378101,-0.08377782700332427,0.016703192539130884,0.12068629075759159,0.132197894315718,0.14064612903188384,-0.02459901064788486,0.15446949557630368,0.1619985956631304,-0.1392829123423447,0.0004572301991957167,-0.2076837759787639,0.0928243075891803,0.11140450477316183,0.45755280408835125,0.1081476084902542,True,converged in 4 iters
2023-09-12,-0.11504862058743862,-0.07877340402102757,0.018560040055079597,0.10972142081178744,0.1505365322823032,0.1764561785549948,-0.009614362318210886,0.20254754896397703,0.07674999896013339,-0.09670656048798969,0.05446519062478587,-0.2049278781955352,0.11703381685382536,0.14051224014714916,0.3258436770856089,0.12250253005015362,True,converged in 3 iters
2023-10-11,-0.1015106580350479,-0.054939676240795585,0.041546530367454926,0.055668436504339475,0.08660188714989918,0.1758339281346837,0.00938189581087506,0.24656258677866372,0.03321725487643755,-0.18244201581009403,0.08732797273850985,-0.16193758369616387,0.16097472617940334,0.0954930131831862,0.3652081202753176,0.14135371421912826,True,converged in 3 iters
2023-11-09,-0.00910527475713239,-0.016330025203948807,0.007326395281274852,0.0739124373526245,0.07096723596569608,0.1675744990734573,-0.01891111615935908,0.12563218906736065,0.18048748267881815,-0.2099024480470692,0.07248509129592501,-0.19640980002946604,0.18949578676449824,0.09108416046348138,0.43693351735754876,0.13344254050233964,True,converged in 3 iters
2023-12-08,0.06457579919635473,-0.07052841267886362,-0.03467706098689537,0.030361422302154693,-0.014141541436028575,0.10362559314885512,-0.07647533600449463,0.13326463824970464,-0.032130774309061874,-0.2857045242683177,0.08478789550290866,-0.22970923220383982,0.23339974919439585,0.006242872872347692,0.4204450601439325,0.17993008750184467,True,converged in 3 iters
2024-01-08,-0.015084186287789717,-0.11286147405430051,-0.1905172626534,0.02733805753662699,-0.03982342080671273,-0.04116336732388414,0.08555919434512664,0.05383003983257472,0.042491500801286546,-0.44113544283989886,0.15008174508880012,-0.14698813625557636,0.08214902836022554,-0.01111388437734362,0.4289374662997125,0.13092579313674096,True,converged in 3 iters
2024-02-06,-0.0676123554937197,-0.16922689313007813,-0.2769895930303659,0.03578928289898073,-0.012414555527863483,0.052108881130399555,0.10075787814626899,0.08516262940744142,0.10544053131428514,-0.30870632113157614,0.15042524319997305,-0.10710881452228191,0.029503148335467314,0.04959009445184329,0.38688220755699293,0.062281570722462674,True,converged in 3 iters
2024-03-06,-0.0797585232617893,-0.06519363021392488,-0.22371103952759785,0.06865413306374445,0.021211804386297186,0.017340592309828824,0.1009648980122026,0.052437267831881865,0.13631587023140768,-0.2251565081021401,0.220515389056654,-0.15680949902420382,-0.051511650522982656,0.0648574777357027,0.4299269662367857,0.08563475048285629,True,converged in 3 iters
2024-04-04,-0.002022362458239367,0.03324653356450243,-0.28939348190475567,0.04425001728402324,0.005671739344910726,0.012986690535253542,0.10067760957792875,0.04297755615788908,0.34919689047475355,-0.02570782572846986,0.21548790710648777,-0.205319862894702,-0.02565832774548552,0.07564893160375556,0.5034970155147581,0.06825724810408461,True,converged in 3 iters
2024-05-03,0.03664475473350131,0.0931268360557759,-0.18779176527423258,0.09788874307715907,0.1117234264909651,-0.04251094481801453,0.07006104386692119,0.00880859903005025,0.29672044243067497,0.06241136392392893,0.21404640343725723,-0.057879312126862766,-0.04924263506602853,0.15250913218065582,0.4789052613170658,-0.039729336170905974,True,converged in 3 iters
2024-06-03,-0.04319400761033947,0.0007641030467519878,-0.1513087184766785,0.06748226615184127,0.037515678948463346,-0.03717912007146668,0.18141571891433866,0.13543391325340937,0.49101236899674916,0.00167569744635585,0.2569955604003192,-0.04727406524805659,-0.12946799030328837,0.03494081511692119,0.3768641568120944,0.0074758192029260335,True,converged in 3 iters
2024-07-02,0.15796802267403445,0.1544127678628561,-0.15261882399219076,0.010997490502536636,-0.06747375174345736,-0.08564638450046667,0.10868521524997415,0.043683556600710334,0.36845990434996795,0.1103680363459659,0.24271804195413355,0.08900765211405896,0.03572660569816404,-0.06983873628325264,0.24594667064148598,-0.056448339486744645,True,converged in 4 iters
2024-07-31,0.1701891333103452,0.2531565895291308,-0.2641816574506201,-0.010475251438689505,-0.005182651679243003,0.1612272485860162,-0.06773824157640204,-0.02706355259760918,0.33605789477840325,0.036105874860665584,0.15151377736115337,0.12632246834359426,0.16256600140581776,-0.033577055757368066,0.14580144198372144,-0.0488411593412202,True,converged in 4 iters
2024-08-29,0.08560419076222017,0.12357466318904096,-0.2644798149615605,-0.040828820220209144,0.133080936928781,0.04693199878627444,-0.008279619942307706,0.05180797978935676,0.19541755205114567,-0.027670646523451397,0.10063680117751136,0.14622413897021752,0.12338680556257267,-0.07665562186319136,0.5021919848373718,-0.07322842443478722,True,converged in 3 iters
2024-09-27,0.08637368720893991,0.1546260472824386,-0.2694245301369586,0.034408639572198516,0.09972917944346904,0.15786323937359453,-0.12386446366638904,-0.011019794621308036,0.2357938224341602,-0.07562747017133868,0.09286482696851206,0.0877271134393107,0.1206972268660554,-0.03666337817920285,0.3347534521411095,-0.07856312849501423,True,converged in 3 iters
2024-10-28,0.12739450664964283,0.1529979289619685,-0.3122515481208387,-0.060463980770655824,-0.0134657686414303,0.1738935987843863,-0.10645138551805396,-0.06682558279421284,0.24395058554332588,-0.10953607270211826,0.1621775338253318,0.13579997894359072,-0.03140294986542364,0.0008132234336631785,0.2778576054639554,-0.02471774998140191,True,converged in 3 iters
2024-11-26,0.13148737906552546,0.24070011128455907,-0.15012355168665,-0.07617102499416664,0.013923720934608252,0.09141221344811493,-0.1446114398977629,-0.1282174018944025,0.20309908486016912,0.01532834357674522,0.1460885467566473,0.14473994680737237,-0.1745573750055711,0.1429893924862737,0.19596335758328187,0.0005871097181495466,True,converged in 3 iters
2024-12-25,0.09436755361106765,0.15042156717445765,-0.14730773332945143,-0.02005139017219711,0.07091798905060456,0.25704000718407033,-0.13139536849631192,-0.05859410680549633,0.45153651525376376,0.10055001424001644,0.14565416916678062,0.1298298471330885,-0.0011717952477845147,0.01295905951844179,0.2245883959887831,0.0036144876276842683,True,converged in 3 iters
2025-01-24,0.1326095528441257,0.22278915264486057,0.005008668519377744,-0.03597587638120071,0.12371757778777652,0.13691591605800935,-0.1586558640081285,-0.029324106629819033,0.4787110156599895,0.1685471632423628,0.11291620378251023,0.14975689924907312,-0.03675695040659138,0.013423354573210712,0.19067849880082008,0.004213199412144153,True,converged in 3 iters
2025-02-24,0.2023682454144775,0.306651881133869,-0.1440421299122076,-0.05472278771684003,-0.024281335979630413,0.20587560277171674,-0.2814223997196161,-0.11915715482869418,0.2260734365836818,0.05890506096667932,0.08562412143174439,0.15559654557794522,0.06500404760220632,-0.029213508978147826,0.03853368915960263,0.002528052222940856,True,converged in 3 iters
2025-03-25,0.051167988449396386,0.003171573571738838,-0.1357733400233068,-0.049715613979084236,0.048400502955439385,0.20794551187759275,-0.15115460132335237,-0.04974708730070724,0.3520015772835907,-0.01070865512773217,0.23260466001679245,0.12726128331110786,-0.1734825832959206,-0.14694469362912974,0.25195795819652844,0.007962369658580213,True,converged in 4 iters
2025-04-25,0.00373133137993513,-0.10849214497535686,-0.11405577968376267,-0.029771905542483334,0.021079129452779167,0.18470173871803386,-0.18834217777433215,0.1091237822886164,0.1529315636289597,-0.12058861131185201,0.29570641882674786,0.10112892605251711,-0.06384531619658258,-0.21021791174617688,0.28377843129684827,0.012504831125015908,True,converged in 4 iters
2025-05-26,0.06932816392760911,0.0366505727891203,-0.15054174962322775,-0.015823384302675932,0.011060940239110768,0.19262373782239733,-0.23802760133768733,-0.12247884523233482,0.10372114398125996,-0.1122949903433038,0.21489660382864811,0.07503113268483617,-0.05778136643601241,-0.18296335926484505,0.40874533014939435,0.008031078037537082,True,converged in 4 iters
2025-06-24,-0.004754464850134362,-0.05260905024242842,-0.05391764306110673,0.046669764935015796,0.16893062306818107,0.2174084005205912,-0.2782812109735379,0.024001074797159967,0.08466438232177878,-0.01677823332369089,0.2580845766414737,0.06253295646085605,-0.1755425054209221,0.009775105020997068,0.5338688034092978,0.012181204952828257,True,converged in 4 iters
2025-07-23,-0.06459696895762082,-0.10619440031769617,-0.010415396585475401,0.05145993957467066,0.06800011123532089,0.034543114219667125,-0.11858650956385636,0.06709158325953438,0.06937899318868126,-0.17163363691568254,0.33819443260523685,0.02033322415677206,-0.19490300267771507,-0.10458405896875822,0.5684537393474358,0.011630888425876548,True,converged in 4 iters
2025-08-21,-0.015190144055139122,-0.00038747390332417365,-0.012999994288346363,0.10106889325316047,0.15131108780980074,0.1081895896087144,-0.1576521682608252,-0.09904100536712834,0.2512504074919337,-0.06331073056399171,0.2516924794693264,-0.10149213067983233,-0.07812468601000391,-0.06701850106495898,0.5284275799007857,0.012843128272728502,True,converged in 4 iters
2025-09-19,0.03230629776628856,0.040608428636175496,-0.013164044587209538,0.060122699012756124,0.07605289247447897,0.022438131595130143,-0.14365229577116753,-0.19982937793758523,0.1934215187266728,-0.1605137990463111,0.2140954190287072,-0.08054568888698826,-0.17697698928460712,-0.06818697068406669,0.5067814302609036,0.01130401630095172,True,converged in 5 iters
2025-10-20,0.0236846651976753,0.026904036208467225,-0.008339587622340244,0.07150920893123948,0.09564161999257824,0.026197740183142124,-0.16298208789190458,-0.19860706902998224,0.17809731535940898,-0.11821743438589215,0.19771919623131623,-0.1054494657143108,-0.16334839694461875,-0.08622565052624909,0.5271398413516928,0.009936684429182085,True,converged in 5 iters
2025-11-18,0.06937671976997652,0.02055610633344727,0.029971276618206685,0.07061413847801463,0.10753589683791201,-0.00896135903958964,-0.11061913070942855,-0.22381587440804546,0.2087379661832257,-0.13016898910914362,0.11920399676269082,-0.14140798662821058,-0.08373866721342672,-0.13542485330554851,0.5315283826971069,0.008338655906026409,True,converged in 5 iters
2025-12-17,0.08416173945810727,0.09788195251803687,0.04950201631836771,0.08287238159215413,0.13723531176210216,0.015384570096634164,-0.05668745870359935,-0.33023057139803597,0.054456626671254865,-0.12724561160589348,0.10568708640005965,-0.08811169712728346,-0.053594049468158836,-0.16205482357740825,0.5453462822348,0.009547821068103847,True,converged in 5 iters
2026-01-19,0.10144063997776731,0.07268001594958706,-0.020771024277109227,0.030457480770752957,0.06914980844070284,0.08977810279463991,-0.044668659102628266,-0.3150326071286869,0.07127859729861515,-0.16752596548693566,0.11652995870261422,-0.08854066815592557,0.0198150689936815,-0.15114851934435888,0.5814574049438063,-0.05972547863218833,True,converged in 5 iters
