Annee,Fenetre_Lookback,Jours_Entrainement,Levier,Capital_Fin,Performance
2020,2 Mois,42,1,1129691.2261994318,0.12969122619943185
2020,2 Mois,42,2,1194319.4157959227,0.1943194157959227
2020,2 Mois,42,3,1228221.7228432542,0.22822172284325415
2020,2 Mois,42,4,1202292.494132934,0.20229249413293382
2020,2 Mois,42,5,1216227.4479075891,0.2162274479075892
2020,2 Mois,42,6,1217305.5488629153,0.2173055488629152
2020,2 Mois,42,7,1211584.9711166772,0.21158497111667707
2020,2 Mois,42,8,1224743.2297600692,0.2247432297600691
2020,2 Mois,42,9,1262265.0288980554,0.2622650288980555
2020,2 Mois,42,10,1287050.3933495693,0.2870503933495694
2020,2 Mois,42,11,1256909.2372790999,0.2569092372791
2020,2 Mois,42,12,1216980.661246726,0.216980661246726
2020,2 Mois,42,13,1132739.6160799824,0.1327396160799823
2020,2 Mois,42,14,1056008.7978317614,0.05600879783176138
2020,2 Mois,42,15,1004388.7332848721,0.004388733284872215
2020,3 Mois,63,1,976892.5218362776,-0.023107478163722384
2020,3 Mois,63,2,941422.2260824553,-0.058577773917544707
2020,3 Mois,63,3,885523.2906188678,-0.11447670938113219
2020,3 Mois,63,4,827547.2555100609,-0.17245274448993908
2020,3 Mois,63,5,742946.1856117828,-0.25705381438821717
2020,3 Mois,63,6,695368.0159555952,-0.30463198404440484
2020,3 Mois,63,7,677649.8662370414,-0.3223501337629586
2020,3 Mois,63,8,672734.825527912,-0.327265174472088
2020,3 Mois,63,9,662202.2955269621,-0.3377977044730378
2020,3 Mois,63,10,627578.1835809333,-0.3724218164190668
2020,3 Mois,63,11,591782.1055860784,-0.40821789441392164
2020,3 Mois,63,12,565387.2844285821,-0.4346127155714179
2020,3 Mois,63,13,531635.8701974186,-0.46836412980258135
2020,3 Mois,63,14,495973.98901387095,-0.504026010986129
2020,3 Mois,63,15,462265.1462009055,-0.5377348537990945
2020,6 Mois,126,1,854409.3009721463,-0.1455906990278537
2020,6 Mois,126,2,752140.035591226,-0.247859964408774
2020,6 Mois,126,3,679472.9624525656,-0.3205270375474345
2020,6 Mois,126,4,625121.0883661195,-0.37487891163388043
2020,6 Mois,126,5,578810.19277398,-0.42118980722602006
2020,6 Mois,126,6,526674.2197069146,-0.47332578029308536
2020,6 Mois,126,7,476592.6865580155,-0.5234073134419845
2020,6 Mois,126,8,424435.82792312343,-0.5755641720768765
2020,6 Mois,126,9,374492.32711769687,-0.6255076728823031
2020,6 Mois,126,10,333546.6477294553,-0.6664533522705447
2020,6 Mois,126,11,302579.9177227989,-0.6974200822772011
2020,6 Mois,126,12,273635.2855471388,-0.7263647144528612
2020,6 Mois,126,13,248140.69482120345,-0.7518593051787965
2020,6 Mois,126,14,248338.5545569231,-0.7516614454430769
2020,6 Mois,126,15,250620.15222731946,-0.7493798477726805
2020,1 An,252,1,860686.1455991497,-0.1393138544008502
2020,1 An,252,2,731838.8324925358,-0.2681611675074642
2020,1 An,252,3,639312.0367492423,-0.3606879632507577
2020,1 An,252,4,576806.24569452,-0.42319375430548
2020,1 An,252,5,519110.3814154748,-0.48088961858452517
2020,1 An,252,6,454254.1502706592,-0.5457458497293408
2020,1 An,252,7,396758.79080682574,-0.6032412091931743
2020,1 An,252,8,325289.637422684,-0.674710362577316
2020,1 An,252,9,233786.29110879515,-0.7662137088912049
2020,1 An,252,10,128862.04000503758,-0.8711379599949625
2020,1 An,252,11,10117.169113892463,-0.9898828308861075
2020,1 An,252,12,-112972.3802282706,-1.1129723802282707
2020,1 An,252,13,-235613.0078077374,-1.2356130078077374
2020,1 An,252,14,-347582.938129984,-1.347582938129984
2020,1 An,252,15,-433909.5412688397,-1.4339095412688396
2020,1.5 Ans,378,1,809111.0668029372,-0.1908889331970628
2020,1.5 Ans,378,2,712840.6892638181,-0.28715931073618195
2020,1.5 Ans,378,3,564209.8147144007,-0.4357901852855993
2020,1.5 Ans,378,4,404975.50419123657,-0.5950244958087634
2020,1.5 Ans,378,5,293167.95041700616,-0.7068320495829938
2020,1.5 Ans,378,6,168279.3642702636,-0.8317206357297364
2020,1.5 Ans,378,7,28064.496050781298,-0.9719355039492187
2020,1.5 Ans,378,8,-121812.1530179407,-1.1218121530179408
2020,1.5 Ans,378,9,-257198.15876194142,-1.2571981587619414
2020,1.5 Ans,378,10,-379902.2000380322,-1.3799022000380323
2020,1.5 Ans,378,11,-418054.7215594444,-1.4180547215594443
2020,1.5 Ans,378,12,-422346.3972117811,-1.4223463972117811
2020,1.5 Ans,378,13,-399668.57273306354,-1.3996685727330636
2020,1.5 Ans,378,14,-377020.22034104937,-1.3770202203410493
2020,1.5 Ans,378,15,-358728.03995837807,-1.358728039958378
2020,2 Ans,504,1,781736.0651714754,-0.21826393482852458
2020,2 Ans,504,2,675261.8857396692,-0.32473811426033083
2020,2 Ans,504,3,583373.1564785226,-0.4166268435214774
2020,2 Ans,504,4,506815.73058907123,-0.49318426941092874
2020,2 Ans,504,5,406983.0288601887,-0.5930169711398113
2020,2 Ans,504,6,298796.04115480516,-0.7012039588451948
2020,2 Ans,504,7,186326.05620359947,-0.8136739437964006
2020,2 Ans,504,8,151219.56178396725,-0.8487804382160328
2020,2 Ans,504,9,174643.9353351212,-0.8253560646648788
2020,2 Ans,504,10,205951.65906762597,-0.794048340932374
2020,2 Ans,504,11,210902.40834299446,-0.7890975916570055
2020,2 Ans,504,12,195369.49271925047,-0.8046305072807496
2020,2 Ans,504,13,179404.01788463595,-0.8205959821153641
2020,2 Ans,504,14,175462.20931978908,-0.8245377906802109
2020,2 Ans,504,15,172812.93424749724,-0.8271870657525028
2020,3 Ans,756,1,816643.9180043298,-0.18335608199567022
2020,3 Ans,756,2,726916.8928285764,-0.2730831071714236
2020,3 Ans,756,3,660633.4155342985,-0.33936658446570145
2020,3 Ans,756,4,545556.5968563932,-0.45444340314360687
2020,3 Ans,756,5,485929.4374111755,-0.5140705625888244
2020,3 Ans,756,6,430855.19903658703,-0.569144800963413
2020,3 Ans,756,7,391846.35616032616,-0.6081536438396739
2020,3 Ans,756,8,368898.6417341687,-0.6311013582658314
2020,3 Ans,756,9,326060.06700270105,-0.6739399329972989
2020,3 Ans,756,10,300259.7276276089,-0.6997402723723911
2020,3 Ans,756,11,279998.68321996636,-0.7200013167800337
2020,3 Ans,756,12,264081.8174542483,-0.7359181825457517
2020,3 Ans,756,13,250866.89209817196,-0.749133107901828
2020,3 Ans,756,14,239216.39904267434,-0.7607836009573257
2020,3 Ans,756,15,223654.5315496497,-0.7763454684503504
2021,2 Mois,42,1,999553.7255731,-0.0004462744268999286
2021,2 Mois,42,2,952755.7651717039,-0.047244234828296094
2021,2 Mois,42,3,965034.3348042638,-0.034965665195736184
2021,2 Mois,42,4,926715.7356370031,-0.07328426436299695
2021,2 Mois,42,5,849122.589859331,-0.15087741014066902
2021,2 Mois,42,6,747745.7017744299,-0.2522542982255701
2021,2 Mois,42,7,592167.0640516066,-0.4078329359483934
2021,2 Mois,42,8,371361.2174841035,-0.6286387825158966
2021,2 Mois,42,9,131210.5194726821,-0.868789480527318
2021,2 Mois,42,10,13325.276724197522,-0.9866747232758025
2021,2 Mois,42,11,-27335.397600169144,-1.0273353976001691
2021,2 Mois,42,12,-67367.96726357954,-1.0673679672635796
2021,2 Mois,42,13,-104929.3736469093,-1.1049293736469092
2021,2 Mois,42,14,-138676.84204937806,-1.138676842049378
2021,2 Mois,42,15,-169974.26276520154,-1.1699742627652014
2021,3 Mois,63,1,1017320.9687035761,0.017320968703576023
2021,3 Mois,63,2,914768.7173037962,-0.08523128269620384
2021,3 Mois,63,3,773255.2867458015,-0.22674471325419854
2021,3 Mois,63,4,700798.8209413396,-0.2992011790586604
2021,3 Mois,63,5,603779.5978782267,-0.39622040212177334
2021,3 Mois,63,6,512310.2408381773,-0.48768975916182267
2021,3 Mois,63,7,377504.45885951153,-0.6224955411404884
2021,3 Mois,63,8,216089.66117563436,-0.7839103388243657
2021,3 Mois,63,9,59287.423399314896,-0.9407125766006851
2021,3 Mois,63,10,-79558.79339202866,-1.0795587933920288
2021,3 Mois,63,11,-131131.0395677694,-1.1311310395677694
2021,3 Mois,63,12,-122973.66378089489,-1.122973663780895
2021,3 Mois,63,13,-123997.16857049469,-1.1239971685704946
2021,3 Mois,63,14,-123933.88024557225,-1.1239338802455723
2021,3 Mois,63,15,-121552.0910174817,-1.1215520910174817
2021,6 Mois,126,1,1020486.1743210905,0.020486174321090456
2021,6 Mois,126,2,784521.0095824667,-0.21547899041753327
2021,6 Mois,126,3,613431.3017700682,-0.3865686982299318
2021,6 Mois,126,4,472035.9279582976,-0.5279640720417025
2021,6 Mois,126,5,352501.2099781965,-0.6474987900218034
2021,6 Mois,126,6,251036.91208128017,-0.7489630879187199
2021,6 Mois,126,7,206764.98944084227,-0.7932350105591577
2021,6 Mois,126,8,178949.7261665486,-0.8210502738334514
2021,6 Mois,126,9,150753.06863226814,-0.8492469313677319
2021,6 Mois,126,10,126206.47908879125,-0.8737935209112088
2021,6 Mois,126,11,107848.43060337334,-0.8921515693966267
2021,6 Mois,126,12,95020.34990076309,-0.9049796500992369
2021,6 Mois,126,13,83412.50786777385,-0.9165874921322261
2021,6 Mois,126,14,72882.632464763,-0.927117367535237
2021,6 Mois,126,15,64982.254239917245,-0.9350177457600828
2021,1 An,252,1,946047.8462091569,-0.05395215379084306
2021,1 An,252,2,833237.8968972615,-0.16676210310273853
2021,1 An,252,3,697830.7260555235,-0.30216927394447646
2021,1 An,252,4,574523.8721343377,-0.42547612786566236
2021,1 An,252,5,517955.2396643502,-0.4820447603356498
2021,1 An,252,6,467768.39567031234,-0.5322316043296876
2021,1 An,252,7,427834.8766036092,-0.5721651233963908
2021,1 An,252,8,404198.55972567125,-0.5958014402743288
2021,1 An,252,9,386695.2161600742,-0.6133047838399257
2021,1 An,252,10,371353.4171525569,-0.6286465828474431
2021,1 An,252,11,354827.43715894566,-0.6451725628410543
2021,1 An,252,12,336650.7333871075,-0.6633492666128925
2021,1 An,252,13,314777.4006770629,-0.685222599322937
2021,1 An,252,14,296252.4399806741,-0.7037475600193259
2021,1 An,252,15,281254.7925432085,-0.7187452074567915
2021,1.5 Ans,378,1,867441.6980822994,-0.13255830191770057
2021,1.5 Ans,378,2,764423.2581068974,-0.23557674189310263
2021,1.5 Ans,378,3,701043.2904132799,-0.29895670958672005
2021,1.5 Ans,378,4,648878.0912128004,-0.3511219087871996
2021,1.5 Ans,378,5,621085.1610697897,-0.3789148389302104
2021,1.5 Ans,378,6,596802.5449808246,-0.4031974550191755
2021,1.5 Ans,378,7,557039.11006235,-0.4429608899376499
2021,1.5 Ans,378,8,504050.7323271469,-0.4959492676728531
2021,1.5 Ans,378,9,474801.8808877135,-0.5251981191122865
2021,1.5 Ans,378,10,452161.99553647626,-0.5478380044635238
2021,1.5 Ans,378,11,433978.7459310857,-0.5660212540689142
2021,1.5 Ans,378,12,415421.9170648749,-0.584578082935125
2021,1.5 Ans,378,13,394731.2645179981,-0.6052687354820019
2021,1.5 Ans,378,14,378879.4996623799,-0.6211205003376201
2021,1.5 Ans,378,15,363796.0631362833,-0.6362039368637167
2021,2 Ans,504,1,872728.1691541987,-0.1272718308458013
2021,2 Ans,504,2,750236.3536858323,-0.2497636463141677
2021,2 Ans,504,3,707645.2736147833,-0.29235472638521665
2021,2 Ans,504,4,685000.8468331277,-0.3149991531668723
2021,2 Ans,504,5,658557.6453412022,-0.3414423546587978
2021,2 Ans,504,6,610650.9460125957,-0.3893490539874044
2021,2 Ans,504,7,562313.668343785,-0.43768633165621507
2021,2 Ans,504,8,526032.2609629567,-0.47396773903704326
2021,2 Ans,504,9,492089.64937244734,-0.5079103506275526
2021,2 Ans,504,10,450491.0480491074,-0.5495089519508926
2021,2 Ans,504,11,399932.9850654009,-0.6000670149345991
2021,2 Ans,504,12,346600.1559818005,-0.6533998440181995
2021,2 Ans,504,13,296565.1631006836,-0.7034348368993164
2021,2 Ans,504,14,271050.3927955374,-0.7289496072044626
2021,2 Ans,504,15,255302.09154329647,-0.7446979084567036
2021,3 Ans,756,1,941562.3358995339,-0.058437664100466025
2021,3 Ans,756,2,781816.9980523838,-0.2181830019476162
2021,3 Ans,756,3,650240.3802159161,-0.3497596197840839
2021,3 Ans,756,4,595004.6911603756,-0.4049953088396244
2021,3 Ans,756,5,548264.4849908254,-0.45173551500917464
2021,3 Ans,756,6,515344.1642836459,-0.48465583571635407
2021,3 Ans,756,7,495590.66885271866,-0.5044093311472813
2021,3 Ans,756,8,488233.8388840071,-0.5117661611159929
2021,3 Ans,756,9,484693.8411650675,-0.5153061588349325
2021,3 Ans,756,10,477384.8626509317,-0.5226151373490683
2021,3 Ans,756,11,466159.8897160178,-0.5338401102839823
2021,3 Ans,756,12,462021.7725761867,-0.5379782274238133
2021,3 Ans,756,13,459657.14293377043,-0.5403428570662296
2021,3 Ans,756,14,456266.69741073885,-0.5437333025892612
2021,3 Ans,756,15,455864.34193223476,-0.5441356580677652
2022,2 Mois,42,1,900331.8503434083,-0.09966814965659165
2022,2 Mois,42,2,745170.0475582117,-0.2548299524417883
2022,2 Mois,42,3,680591.082535086,-0.31940891746491407
2022,2 Mois,42,4,607730.9627744914,-0.39226903722550854
2022,2 Mois,42,5,577700.3295868208,-0.4222996704131792
2022,2 Mois,42,6,572438.6842746072,-0.4275613157253928
2022,2 Mois,42,7,591811.9979897648,-0.4081880020102352
2022,2 Mois,42,8,620910.467034784,-0.37908953296521597
2022,2 Mois,42,9,642455.7764424738,-0.35754422355752624
2022,2 Mois,42,10,666362.490883218,-0.333637509116782
2022,2 Mois,42,11,685688.2109349711,-0.3143117890650289
2022,2 Mois,42,12,708048.4483491365,-0.2919515516508635
2022,2 Mois,42,13,748695.558395987,-0.251304441604013
2022,2 Mois,42,14,783840.5588932766,-0.21615944110672336
2022,2 Mois,42,15,819146.3933709923,-0.18085360662900773
2022,3 Mois,63,1,919731.7215702996,-0.08026827842970041
2022,3 Mois,63,2,814936.9911464427,-0.1850630088535573
2022,3 Mois,63,3,755527.9785157758,-0.2444720214842242
2022,3 Mois,63,4,704280.1381106485,-0.2957198618893515
2022,3 Mois,63,5,715876.9972470087,-0.2841230027529913
2022,3 Mois,63,6,761387.188916279,-0.238612811083721
2022,3 Mois,63,7,816668.4088651286,-0.1833315911348714
2022,3 Mois,63,8,866252.4939794671,-0.13374750602053287
2022,3 Mois,63,9,910351.6261327633,-0.08964837386723667
2022,3 Mois,63,10,950055.1042534624,-0.0499448957465376
2022,3 Mois,63,11,977647.0788773393,-0.02235292112266074
2022,3 Mois,63,12,995159.8666259551,-0.004840133374044875
2022,3 Mois,63,13,1022867.7687259113,0.02286776872591134
2022,3 Mois,63,14,1066684.609378219,0.06668460937821896
2022,3 Mois,63,15,1108798.1616361989,0.10879816163619882
2022,6 Mois,126,1,1016602.2588152122,0.016602258815212156
2022,6 Mois,126,2,968707.8033904664,-0.03129219660953364
2022,6 Mois,126,3,1017810.3989494123,0.017810398949412276
2022,6 Mois,126,4,1028523.9742568647,0.028523974256864815
2022,6 Mois,126,5,1026515.2887942751,0.026515288794275227
2022,6 Mois,126,6,1050999.4509994984,0.05099945099949843
2022,6 Mois,126,7,1079640.9726868551,0.07964097268685522
2022,6 Mois,126,8,1107533.876789063,0.10753387678906301
2022,6 Mois,126,9,1138243.4927320029,0.13824349273200287
2022,6 Mois,126,10,1183197.5761379302,0.18319757613793008
2022,6 Mois,126,11,1221025.9140427134,0.22102591404271332
2022,6 Mois,126,12,1269773.0388144273,0.26977303881442727
2022,6 Mois,126,13,1297805.1811996165,0.2978051811996165
2022,6 Mois,126,14,1345753.6433683343,0.34575364336833436
2022,6 Mois,126,15,1412102.1228954326,0.4121021228954327
2022,1 An,252,1,992432.5591932266,-0.007567440806773407
2022,1 An,252,2,1041357.6845535509,0.04135768455355082
2022,1 An,252,3,1095660.2917828579,0.09566029178285795
2022,1 An,252,4,1122089.5874904806,0.1220895874904806
2022,1 An,252,5,1175900.3039466646,0.17590030394666445
2022,1 An,252,6,1251076.1717637796,0.2510761717637795
2022,1 An,252,7,1330889.9620166535,0.33088996201665344
2022,1 An,252,8,1427195.1839894075,0.4271951839894075
2022,1 An,252,9,1540827.65838322,0.5408276583832199
2022,1 An,252,10,1648406.8873923847,0.6484068873923847
2022,1 An,252,11,1766685.7585429244,0.7666857585429243
2022,1 An,252,12,1893010.635215349,0.8930106352153491
2022,1 An,252,13,2021942.7645023759,1.0219427645023758
2022,1 An,252,14,2161597.515535301,1.161597515535301
2022,1 An,252,15,2285893.772642118,1.285893772642118
2022,1.5 Ans,378,1,1058465.9973837454,0.05846599738374536
2022,1.5 Ans,378,2,1026622.3117974421,0.026622311797442233
2022,1.5 Ans,378,3,1070314.149225166,0.07031414922516599
2022,1.5 Ans,378,4,1155655.3145812477,0.15565531458124782
2022,1.5 Ans,378,5,1271380.1010680797,0.27138010106807964
2022,1.5 Ans,378,6,1418578.2091856329,0.41857820918563293
2022,1.5 Ans,378,7,1590442.5106835556,0.5904425106835556
2022,1.5 Ans,378,8,1787803.4488403932,0.7878034488403933
2022,1.5 Ans,378,9,1960361.4614456524,0.9603614614456524
2022,1.5 Ans,378,10,2114104.228930082,1.1141042289300822
2022,1.5 Ans,378,11,2277927.4544595378,1.2779274544595376
2022,1.5 Ans,378,12,2434164.045041804,1.434164045041804
2022,1.5 Ans,378,13,2593068.06676341,1.59306806676341
2022,1.5 Ans,378,14,2760175.618327409,1.760175618327409
2022,1.5 Ans,378,15,2954474.9317988767,1.9544749317988765
2022,2 Ans,504,1,1061865.7281558223,0.061865728155822364
2022,2 Ans,504,2,1141581.333134786,0.14158133313478594
2022,2 Ans,504,3,1224871.934655725,0.22487193465572508
2022,2 Ans,504,4,1323370.1061993458,0.3233701061993457
2022,2 Ans,504,5,1410162.3016610586,0.4101623016610585
2022,2 Ans,504,6,1514663.8708184469,0.5146638708184468
2022,2 Ans,504,7,1669003.9695266811,0.6690039695266812
2022,2 Ans,504,8,1805412.337089877,0.8054123370898771
2022,2 Ans,504,9,1903773.2796081519,0.9037732796081519
2022,2 Ans,504,10,1979032.6384237625,0.9790326384237624
2022,2 Ans,504,11,2045028.9917913422,1.0450289917913422
2022,2 Ans,504,12,2115370.918920771,1.115370918920771
2022,2 Ans,504,13,2170477.229007843,1.170477229007843
2022,2 Ans,504,14,2203162.500670924,1.2031625006709237
2022,2 Ans,504,15,2237472.238473514,1.2374722384735142
2022,3 Ans,756,1,1038663.5032595925,0.03866350325959256
2022,3 Ans,756,2,1171634.6923619218,0.17163469236192186
2022,3 Ans,756,3,1279726.6005192918,0.27972660051929177
2022,3 Ans,756,4,1314097.1448167637,0.31409714481676376
2022,3 Ans,756,5,1355845.9003438118,0.3558459003438119
2022,3 Ans,756,6,1435113.6415917687,0.4351136415917687
2022,3 Ans,756,7,1512641.3976780532,0.5126413976780533
2022,3 Ans,756,8,1557835.5627426882,0.5578355627426883
2022,3 Ans,756,9,1580915.9812623304,0.5809159812623303
2022,3 Ans,756,10,1590956.4739681205,0.5909564739681206
2022,3 Ans,756,11,1598677.0818337444,0.5986770818337444
2022,3 Ans,756,12,1574852.5630714777,0.5748525630714776
2022,3 Ans,756,13,1546243.6590574647,0.5462436590574646
2022,3 Ans,756,14,1501948.753066176,0.5019487530661761
2022,3 Ans,756,15,1464047.2714785489,0.46404727147854885
2023,2 Mois,42,1,898565.9286673199,-0.10143407133268001
2023,2 Mois,42,2,809984.258542574,-0.19001574145742595
2023,2 Mois,42,3,722605.213965264,-0.277394786034736
2023,2 Mois,42,4,668093.5838784155,-0.33190641612158445
2023,2 Mois,42,5,637683.3506186574,-0.36231664938134256
2023,2 Mois,42,6,612107.1792331877,-0.3878928207668123
2023,2 Mois,42,7,585692.0855439085,-0.4143079144560915
2023,2 Mois,42,8,545359.9900418096,-0.4546400099581904
2023,2 Mois,42,9,513488.2020511816,-0.4865117979488184
2023,2 Mois,42,10,476181.47878920706,-0.5238185212107929
2023,2 Mois,42,11,447171.55286895786,-0.5528284471310421
2023,2 Mois,42,12,423040.8268124788,-0.5769591731875212
2023,2 Mois,42,13,396552.94848417887,-0.6034470515158211
2023,2 Mois,42,14,382974.12184043374,-0.6170258781595663
2023,2 Mois,42,15,373290.8422962283,-0.6267091577037718
2023,3 Mois,63,1,1055314.121020762,0.05531412102076194
2023,3 Mois,63,2,1054214.9736512736,0.05421497365127359
2023,3 Mois,63,3,1038365.8092507819,0.038365809250781924
2023,3 Mois,63,4,1035036.8257000499,0.035036825700049956
2023,3 Mois,63,5,1017091.3344861049,0.017091334486105003
2023,3 Mois,63,6,1007142.0761762501,0.007142076176250178
2023,3 Mois,63,7,995670.6990860834,-0.0043293009139165894
2023,3 Mois,63,8,963830.8548474847,-0.036169145152515236
2023,3 Mois,63,9,919796.8968655149,-0.08020310313448509
2023,3 Mois,63,10,890641.3798281169,-0.10935862017188314
2023,3 Mois,63,11,856196.7665545461,-0.14380323344545387
2023,3 Mois,63,12,808736.1440162145,-0.19126385598378548
2023,3 Mois,63,13,762247.8011603182,-0.2377521988396818
2023,3 Mois,63,14,731837.2141936959,-0.26816278580630404
2023,3 Mois,63,15,712856.4987761962,-0.28714350122380383
2023,6 Mois,126,1,997367.4619438117,-0.0026325380561882383
2023,6 Mois,126,2,932914.949503774,-0.06708505049622593
2023,6 Mois,126,3,857618.2244577758,-0.1423817755422242
2023,6 Mois,126,4,791724.8001604554,-0.20827519983954457
2023,6 Mois,126,5,737396.5819051882,-0.2626034180948118
2023,6 Mois,126,6,700013.8117670821,-0.2999861882329179
2023,6 Mois,126,7,669496.0037748037,-0.33050399622519633
2023,6 Mois,126,8,646044.189826467,-0.35395581017353306
2023,6 Mois,126,9,632537.6573479059,-0.3674623426520941
2023,6 Mois,126,10,617215.0182162285,-0.3827849817837715
2023,6 Mois,126,11,603246.2935940563,-0.39675370640594376
2023,6 Mois,126,12,586996.5405277677,-0.41300345947223227
2023,6 Mois,126,13,567888.0465616429,-0.43211195343835707
2023,6 Mois,126,14,550095.0558610978,-0.44990494413890225
2023,6 Mois,126,15,534015.7603207753,-0.46598423967922464
2023,1 An,252,1,1010592.9079108065,0.01059290791080647
2023,1 An,252,2,1071623.6233588243,0.07162362335882433
2023,1 An,252,3,1132770.6452693688,0.13277064526936888
2023,1 An,252,4,1162821.8648061813,0.16282186480618122
2023,1 An,252,5,1204809.3624526004,0.2048093624526004
2023,1 An,252,6,1248911.950208921,0.24891195020892098
2023,1 An,252,7,1302034.2267517743,0.3020342267517744
2023,1 An,252,8,1361346.6176400422,0.36134661764004217
2023,1 An,252,9,1411549.7052024058,0.41154970520240575
2023,1 An,252,10,1441625.1871361446,0.4416251871361445
2023,1 An,252,11,1445957.43358543,0.44595743358542994
2023,1 An,252,12,1429898.21924047,0.4298982192404701
2023,1 An,252,13,1399386.4645081342,0.3993864645081342
2023,1 An,252,14,1343865.8767446375,0.3438658767446374
2023,1 An,252,15,1286275.945260183,0.28627594526018285
2023,1.5 Ans,378,1,1035339.8754282608,0.03533987542826078
2023,1.5 Ans,378,2,1210322.28418198,0.21032228418197985
2023,1.5 Ans,378,3,1371224.9546691836,0.3712249546691835
2023,1.5 Ans,378,4,1510215.0392815238,0.5102150392815239
2023,1.5 Ans,378,5,1646245.2200809082,0.6462452200809081
2023,1.5 Ans,378,6,1763005.9011913184,0.7630059011913184
2023,1.5 Ans,378,7,1875012.5856305666,0.8750125856305666
2023,1.5 Ans,378,8,1979379.528813028,0.979379528813028
2023,1.5 Ans,378,9,2084337.6267236343,1.0843376267236344
2023,1.5 Ans,378,10,2166277.9239066327,1.1662779239066325
2023,1.5 Ans,378,11,2230538.2320327563,1.2305382320327563
2023,1.5 Ans,378,12,2264030.2495813137,1.2640302495813138
2023,1.5 Ans,378,13,2301091.816774075,1.301091816774075
2023,1.5 Ans,378,14,2334766.8148677535,1.3347668148677534
2023,1.5 Ans,378,15,2345593.3509338596,1.3455933509338598
2023,2 Ans,504,1,1083391.3305190615,0.08339133051906145
2023,2 Ans,504,2,1254687.126061238,0.2546871260612382
2023,2 Ans,504,3,1419390.4839342379,0.41939048393423795
2023,2 Ans,504,4,1588311.6761490053,0.5883116761490053
2023,2 Ans,504,5,1713972.9538445484,0.7139729538445485
2023,2 Ans,504,6,1821031.434709691,0.821031434709691
2023,2 Ans,504,7,1942718.2005431543,0.9427182005431542
2023,2 Ans,504,8,2083981.7928856409,1.0839817928856408
2023,2 Ans,504,9,2234439.523404824,1.234439523404824
2023,2 Ans,504,10,2391695.9279344664,1.3916959279344665
2023,2 Ans,504,11,2549863.1135890298,1.54986311358903
2023,2 Ans,504,12,2690324.2985999216,1.6903242985999216
2023,2 Ans,504,13,2822293.02945335,1.8222930294533501
2023,2 Ans,504,14,2958326.6031294214,1.9583266031294215
2023,2 Ans,504,15,3101245.9329642304,2.1012459329642303
2023,3 Ans,756,1,1095873.1680955265,0.09587316809552648
2023,3 Ans,756,2,1242210.5301950795,0.24221053019507943
2023,3 Ans,756,3,1438373.7271125054,0.43837372711250544
2023,3 Ans,756,4,1671806.320840765,0.671806320840765
2023,3 Ans,756,5,1928540.6688800384,0.9285406688800384
2023,3 Ans,756,6,2180567.4097859575,1.1805674097859575
2023,3 Ans,756,7,2379971.0248581734,1.3799710248581736
2023,3 Ans,756,8,2520640.155863323,1.520640155863323
2023,3 Ans,756,9,2651878.592999178,1.6518785929991782
2023,3 Ans,756,10,2755081.080061671,1.7550810800616707
2023,3 Ans,756,11,2861264.667698853,1.8612646676988533
2023,3 Ans,756,12,2965387.511560597,1.9653875115605972
2023,3 Ans,756,13,3003339.0992112,2.0033390992112
2023,3 Ans,756,14,3037618.325721586,2.0376183257215863
2023,3 Ans,756,15,3043370.24413769,2.04337024413769
2024,2 Mois,42,1,972949.9160162776,-0.02705008398372233
2024,2 Mois,42,2,805239.4829531981,-0.19476051704680186
2024,2 Mois,42,3,665149.5006454113,-0.33485049935458866
2024,2 Mois,42,4,623663.351989554,-0.376336648010446
2024,2 Mois,42,5,588610.1342841132,-0.41138986571588676
2024,2 Mois,42,6,571480.455528258,-0.428519544471742
2024,2 Mois,42,7,550393.5304646736,-0.44960646953532635
2024,2 Mois,42,8,534360.8284638461,-0.46563917153615386
2024,2 Mois,42,9,520003.01771404775,-0.4799969822859522
2024,2 Mois,42,10,511304.0801099042,-0.48869591989009586
2024,2 Mois,42,11,505652.9467004237,-0.4943470532995763
2024,2 Mois,42,12,499785.1866461599,-0.5002148133538401
2024,2 Mois,42,13,502719.97484837705,-0.49728002515162295
2024,2 Mois,42,14,507225.45115978253,-0.49277454884021743
2024,2 Mois,42,15,511585.69162423036,-0.4884143083757696
2024,3 Mois,63,1,941082.6086544198,-0.05891739134558027
2024,3 Mois,63,2,757682.1223513061,-0.24231787764869384
2024,3 Mois,63,3,605713.8719375384,-0.39428612806246166
2024,3 Mois,63,4,563918.4750993203,-0.43608152490067975
2024,3 Mois,63,5,537800.6906828551,-0.4621993093171449
2024,3 Mois,63,6,507236.3596801511,-0.4927636403198489
2024,3 Mois,63,7,478448.02342489135,-0.5215519765751087
2024,3 Mois,63,8,447125.8376098421,-0.5528741623901579
2024,3 Mois,63,9,425064.6535038779,-0.5749353464961221
2024,3 Mois,63,10,407889.0037682614,-0.5921109962317386
2024,3 Mois,63,11,393724.10093414737,-0.6062758990658526
2024,3 Mois,63,12,386379.4370558731,-0.6136205629441269
2024,3 Mois,63,13,378763.59266897215,-0.6212364073310279
2024,3 Mois,63,14,369721.3492416658,-0.6302786507583342
2024,3 Mois,63,15,359738.9078144346,-0.6402610921855654
2024,6 Mois,126,1,1104904.9053501324,0.1049049053501323
2024,6 Mois,126,2,1049525.7958179705,0.04952579581797045
2024,6 Mois,126,3,973734.475391039,-0.026265524608960922
2024,6 Mois,126,4,992932.0763124247,-0.0070679236875752505
2024,6 Mois,126,5,1000280.0137950461,0.0002800137950460524
2024,6 Mois,126,6,971678.1885718304,-0.028321811428169585
2024,6 Mois,126,7,945701.1607936199,-0.05429883920638012
2024,6 Mois,126,8,909262.1081320965,-0.09073789186790349
2024,6 Mois,126,9,875590.2724610637,-0.12440972753893631
2024,6 Mois,126,10,852622.6734756953,-0.14737732652430469
2024,6 Mois,126,11,825621.3754046744,-0.1743786245953256
2024,6 Mois,126,12,808399.2171767426,-0.19160078282325743
2024,6 Mois,126,13,787618.2986757373,-0.2123817013242627
2024,6 Mois,126,14,759652.4218773707,-0.2403475781226293
2024,6 Mois,126,15,731189.2475331952,-0.26881075246680486
2024,1 An,252,1,972636.2890400395,-0.027363710959960486
2024,1 An,252,2,904910.032456038,-0.09508996754396193
2024,1 An,252,3,924361.4562566495,-0.07563854374335055
2024,1 An,252,4,955628.8627422185,-0.04437113725778141
2024,1 An,252,5,993082.1499705544,-0.00691785002944556
2024,1 An,252,6,1033452.5877207504,0.033452587720750326
2024,1 An,252,7,1070143.5935154988,0.07014359351549881
2024,1 An,252,8,1118401.5521528313,0.11840155215283144
2024,1 An,252,9,1157010.8682047664,0.1570108682047664
2024,1 An,252,10,1194026.2935929752,0.1940262935929753
2024,1 An,252,11,1230543.7900557604,0.2305437900557603
2024,1 An,252,12,1265898.2190465357,0.26589821904653577
2024,1 An,252,13,1286651.4137623867,0.28665141376238656
2024,1 An,252,14,1295461.6755677522,0.29546167556775216
2024,1 An,252,15,1302647.4207202978,0.3026474207202978
2024,1.5 Ans,378,1,1071934.2829785473,0.0719342829785472
2024,1.5 Ans,378,2,1036682.0812520076,0.03668208125200767
2024,1.5 Ans,378,3,980758.9369932796,-0.01924106300672035
2024,1.5 Ans,378,4,864038.2050775542,-0.13596179492244576
2024,1.5 Ans,378,5,804908.8780304033,-0.19509112196959677
2024,1.5 Ans,378,6,774075.574182869,-0.2259244258171309
2024,1.5 Ans,378,7,746693.4507512953,-0.25330654924870466
2024,1.5 Ans,378,8,695140.9051762961,-0.3048590948237039
2024,1.5 Ans,378,9,644176.7034759631,-0.3558232965240369
2024,1.5 Ans,378,10,595579.0113582087,-0.4044209886417913
2024,1.5 Ans,378,11,549136.8788696604,-0.45086312113033955
2024,1.5 Ans,378,12,514061.6013173121,-0.48593839868268784
2024,1.5 Ans,378,13,479600.9268683211,-0.520399073131679
2024,1.5 Ans,378,14,448372.548894034,-0.551627451105966
2024,1.5 Ans,378,15,417112.98694811796,-0.5828870130518821
2024,2 Ans,504,1,1088808.3945263948,0.08880839452639488
2024,2 Ans,504,2,966829.9922683992,-0.033170007731600726
2024,2 Ans,504,3,888059.8637872516,-0.11194013621274834
2024,2 Ans,504,4,841649.8676700664,-0.15835013232993356
2024,2 Ans,504,5,803404.828029448,-0.19659517197055199
2024,2 Ans,504,6,761882.1066155407,-0.23811789338445932
2024,2 Ans,504,7,709447.2926512341,-0.2905527073487659
2024,2 Ans,504,8,659192.3143578114,-0.34080768564218866
2024,2 Ans,504,9,624534.7206993237,-0.3754652793006763
2024,2 Ans,504,10,591393.4174399758,-0.40860658256002425
2024,2 Ans,504,11,564040.3015454551,-0.43595969845454485
2024,2 Ans,504,12,543087.4724611946,-0.4569125275388054
2024,2 Ans,504,13,525323.2859112142,-0.47467671408878576
2024,2 Ans,504,14,513244.61345653416,-0.48675538654346584
2024,2 Ans,504,15,509848.185120731,-0.49015181487926895
2024,3 Ans,756,1,1064104.898327211,0.064104898327211
2024,3 Ans,756,2,1088429.9685316298,0.08842996853162988
2024,3 Ans,756,3,1081435.5056330583,0.08143550563305824
2024,3 Ans,756,4,1021347.9987166337,0.02134799871663362
2024,3 Ans,756,5,963169.1940802827,-0.036830805919717324
2024,3 Ans,756,6,922383.5739455421,-0.07761642605445795
2024,3 Ans,756,7,885640.703412684,-0.11435929658731592
2024,3 Ans,756,8,827304.8258418512,-0.17269517415814883
2024,3 Ans,756,9,752923.1460858433,-0.24707685391415668
2024,3 Ans,756,10,685742.2043945777,-0.31425779560542233
2024,3 Ans,756,11,637349.9731129275,-0.3626500268870725
2024,3 Ans,756,12,597417.6710084942,-0.4025823289915058
2024,3 Ans,756,13,568002.1919726918,-0.43199780802730825
2024,3 Ans,756,14,546530.361730173,-0.453469638269827
2024,3 Ans,756,15,535083.513363607,-0.46491648663639296
